Round,Wk,Day,Date,Time,Home,xG,Score,xG,Away,Attendance,Venue,Referee,Match Report,Notes
Regular Season,1,Fri,2017-08-18,20:30,Bayern Munich,2.5,3–1,2.1,Leverkusen,75000,Allianz Arena,Tobias Stieler,Match Report,
Regular Season,1,Sat,2017-08-19,15:30,Hoffenheim,1.2,1–0,1.0,Werder Bremen,30150,Dietmar-Hopp-Stadion,Guido Winkmann,Match Report,
Regular Season,1,Sat,2017-08-19,15:30,Mainz 05,0.9,0–1,0.7,Hannover 96,28279,Opel Arena,Felix Brych,Match Report,
Regular Season,1,Sat,2017-08-19,15:30,Wolfsburg,0.5,0–3,1.1,Dortmund,30000,Volkswagen Arena,Robert Hartmann,Match Report,
Regular Season,1,Sat,2017-08-19,15:30,Hamburger SV,0.7,1–0,0.6,Augsburg,49449,Volksparkstadion,Daniel Siebert,Match Report,
Regular Season,1,Sat,2017-08-19,15:30,Hertha BSC,0.7,2–0,1.2,Stuttgart,44751,Olympiastadion Berlin,Sascha Stegemann,Match Report,
Regular Season,1,Sat,2017-08-19,18:30,Schalke 04,1.6,2–0,0.9,RB Leipzig,61435,Veltins-Arena,Felix Zwayer,Match Report,
Regular Season,1,Sun,2017-08-20,15:30,Freiburg,0.2,0–0,1.3,Eint Frankfurt,24000,Schwarzwald-Stadion,Manuel Gräfe,Match Report,
Regular Season,1,Sun,2017-08-20,18:00,M'Gladbach,1.5,1–0,1.0,Köln,54018,Stadion im Borussia-Park,Deniz Aytekin,Match Report,
,,,,,,,,,,,,,,
Regular Season,2,Fri,2017-08-25,20:30,Köln,2.3,1–3,1.7,Hamburger SV,50000,RheinEnergieSTADION,Felix Brych,Match Report,
Regular Season,2,Sat,2017-08-26,15:30,Stuttgart,2.3,1–0,0.9,Mainz 05,53100,Mercedes-Benz Arena,Benjamin Brand,Match Report,
Regular Season,2,Sat,2017-08-26,15:30,Eint Frankfurt,1.4,0–1,1.0,Wolfsburg,46000,Commerzbank-Arena,Benjamin Cortus,Match Report,
Regular Season,2,Sat,2017-08-26,15:30,Werder Bremen,0.4,0–2,1.8,Bayern Munich,42100,Weserstadion,Bastian Dankert,Match Report,
Regular Season,2,Sat,2017-08-26,15:30,Leverkusen,2.6,2–2,0.7,Hoffenheim,27106,BayArena,Harm Osmers,Match Report,
Regular Season,2,Sat,2017-08-26,15:30,Augsburg,3.3,2–2,1.4,M'Gladbach,29243,WWK Arena,Sascha Stegemann,Match Report,
Regular Season,2,Sat,2017-08-26,18:30,Dortmund,2.2,2–0,0.7,Hertha BSC,80860,Signal Iduna Park,Marco Fritz,Match Report,
Regular Season,2,Sun,2017-08-27,15:30,RB Leipzig,3.1,4–1,0.4,Freiburg,39265,Red Bull Arena,Christian Dingert,Match Report,
Regular Season,2,Sun,2017-08-27,18:00,Hannover 96,0.9,1–0,0.4,Schalke 04,49000,HDI-Arena,Patrick Ittrich,Match Report,
,,,,,,,,,,,,,,
Regular Season,3,Fri,2017-09-08,20:30,Hamburger SV,0.9,0–2,2.4,RB Leipzig,50231,Volksparkstadion,Deniz Aytekin,Match Report,
Regular Season,3,Sat,2017-09-09,15:30,M'Gladbach,0.9,0–1,0.4,Eint Frankfurt,51431,Stadion im Borussia-Park,Robert Kampka,Match Report,
Regular Season,3,Sat,2017-09-09,15:30,Mainz 05,1.3,3–1,0.9,Leverkusen,24876,Opel Arena,Markus Schmidt,Match Report,
Regular Season,3,Sat,2017-09-09,15:30,Wolfsburg,1.4,1–1,1.0,Hannover 96,27321,Volkswagen Arena,Felix Zwayer,Match Report,
Regular Season,3,Sat,2017-09-09,15:30,Augsburg,2.0,3–0,0.7,Köln,27510,WWK Arena,Tobias Stieler,Match Report,
Regular Season,3,Sat,2017-09-09,15:30,Freiburg,0.7,0–0,1.6,Dortmund,24000,Schwarzwald-Stadion,Benjamin Cortus,Match Report,
Regular Season,3,Sat,2017-09-09,18:30,Hoffenheim,0.4,2–0,1.8,Bayern Munich,30150,Dietmar-Hopp-Stadion,Daniel Siebert,Match Report,
Regular Season,3,Sun,2017-09-10,15:30,Hertha BSC,0.9,1–1,1.1,Werder Bremen,49118,Olympiastadion Berlin,Bibiana Steinhaus,Match Report,
Regular Season,3,Sun,2017-09-10,18:00,Schalke 04,2.3,3–1,1.3,Stuttgart,61098,Veltins-Arena,Frank Willenborg,Match Report,
,,,,,,,,,,,,,,
Regular Season,4,Fri,2017-09-15,20:30,Hannover 96,1.8,2–0,0.7,Hamburger SV,49000,HDI-Arena,Robert Hartmann,Match Report,
Regular Season,4,Sat,2017-09-16,15:30,Bayern Munich,4.9,4–0,0.7,Mainz 05,75000,Allianz Arena,Sascha Stegemann,Match Report,
Regular Season,4,Sat,2017-09-16,15:30,Werder Bremen,0.9,1–2,0.9,Schalke 04,42100,Weserstadion,Benjamin Brand,Match Report,
Regular Season,4,Sat,2017-09-16,15:30,Stuttgart,0.9,1–0,0.5,Wolfsburg,50500,Mercedes-Benz Arena,Guido Winkmann,Match Report,
Regular Season,4,Sat,2017-09-16,15:30,Eint Frankfurt,1.8,1–2,1.0,Augsburg,46500,Commerzbank-Arena,Christian Dingert,Match Report,
Regular Season,4,Sat,2017-09-16,18:30,RB Leipzig,1.3,2–2,1.7,M'Gladbach,42558,Red Bull Arena,Marco Fritz,Match Report,
Regular Season,4,Sun,2017-09-17,13:30,Hoffenheim,0.7,1–1,0.8,Hertha BSC,27243,Dietmar-Hopp-Stadion,Markus Schmidt,Match Report,
Regular Season,4,Sun,2017-09-17,15:30,Leverkusen,2.7,4–0,0.6,Freiburg,26232,BayArena,Sven Jablonski,Match Report,
Regular Season,4,Sun,2017-09-17,18:00,Dortmund,3.1,5–0,0.5,Köln,81000,Signal Iduna Park,Patrick Ittrich,Match Report,
,,,,,,,,,,,,,,
Regular Season,5,Tue,2017-09-19,18:30,M'Gladbach,1.3,2–0,0.8,Stuttgart,44063,Stadion im Borussia-Park,Sören Storks,Match Report,
Regular Season,5,Tue,2017-09-19,20:30,Schalke 04,1.0,0–3,2.3,Bayern Munich,62271,Veltins-Arena,Marco Fritz,Match Report,
Regular Season,5,Tue,2017-09-19,20:30,Wolfsburg,1.0,1–1,1.5,Werder Bremen,26174,Volkswagen Arena,Felix Brych,Match Report,
Regular Season,5,Tue,2017-09-19,20:30,Augsburg,1.1,1–0,0.9,RB Leipzig,26113,WWK Arena,Daniel Siebert,Match Report,
Regular Season,5,Wed,2017-09-20,18:30,Köln,1.7,0–1,1.7,Eint Frankfurt,49000,RheinEnergieSTADION,Martin Petersen,Match Report,
Regular Season,5,Wed,2017-09-20,20:30,Hamburger SV,0.5,0–3,2.7,Dortmund,52962,Volksparkstadion,Felix Zwayer,Match Report,
Regular Season,5,Wed,2017-09-20,20:30,Hertha BSC,0.8,2–1,0.5,Leverkusen,32825,Olympiastadion Berlin,Deniz Aytekin,Match Report,
Regular Season,5,Wed,2017-09-20,20:30,Freiburg,2.2,1–1,1.5,Hannover 96,22900,Schwarzwald-Stadion,Tobias Stieler,Match Report,
Regular Season,5,Wed,2017-09-20,20:30,Mainz 05,1.3,2–3,1.3,Hoffenheim,23477,Opel Arena,Manuel Gräfe,Match Report,
,,,,,,,,,,,,,,
Regular Season,6,Fri,2017-09-22,20:30,Bayern Munich,2.9,2–2,1.0,Wolfsburg,75000,Allianz Arena,Christian Dingert,Match Report,
Regular Season,6,Sat,2017-09-23,15:30,RB Leipzig,2.0,2–1,1.1,Eint Frankfurt,40606,Red Bull Arena,Benjamin Brand,Match Report,
Regular Season,6,Sat,2017-09-23,15:30,Werder Bremen,1.8,0–0,1.3,Freiburg,41000,Weserstadion,Robert Hartmann,Match Report,
Regular Season,6,Sat,2017-09-23,15:30,Hoffenheim,2.0,2–0,1.7,Schalke 04,30150,Dietmar-Hopp-Stadion,Sascha Stegemann,Match Report,
Regular Season,6,Sat,2017-09-23,15:30,Stuttgart,0.7,0–0,0.8,Augsburg,55202,Mercedes-Benz Arena,Harm Osmers,Match Report,
Regular Season,6,Sat,2017-09-23,15:30,Mainz 05,1.1,1–0,0.6,Hertha BSC,23517,Opel Arena,Tobias Stieler,Match Report,
Regular Season,6,Sat,2017-09-23,18:30,Dortmund,2.6,6–1,1.3,M'Gladbach,81360,Signal Iduna Park,Manuel Gräfe,Match Report,
Regular Season,6,Sun,2017-09-24,15:30,Hannover 96,1.3,0–0,1.2,Köln,47000,HDI-Arena,Daniel Siebert,Match Report,
Regular Season,6,Sun,2017-09-24,18:00,Leverkusen,2.4,3–0,0.5,Hamburger SV,27601,BayArena,Robert Kampka,Match Report,
,,,,,,,,,,,,,,
Regular Season,7,Fri,2017-09-29,20:30,Schalke 04,1.2,1–1,1.1,Leverkusen,61515,Veltins-Arena,Guido Winkmann,Match Report,
Regular Season,7,Sat,2017-09-30,15:30,Augsburg,1.8,1–2,2.4,Dortmund,30660,WWK Arena,Marco Fritz,Match Report,
Regular Season,7,Sat,2017-09-30,15:30,M'Gladbach,2.2,2–1,1.4,Hannover 96,50542,Stadion im Borussia-Park,Christian Dingert,Match Report,
Regular Season,7,Sat,2017-09-30,15:30,Eint Frankfurt,1.3,2–1,1.5,Stuttgart,51500,Commerzbank-Arena,Felix Brych,Match Report,
Regular Season,7,Sat,2017-09-30,15:30,Wolfsburg,0.9,1–1,0.9,Mainz 05,24352,Volkswagen Arena,Robert Hartmann,Match Report,
Regular Season,7,Sat,2017-09-30,18:30,Hamburger SV,1.0,0–0,0.5,Werder Bremen,54613,Volksparkstadion,Deniz Aytekin,Match Report,
Regular Season,7,Sun,2017-10-01,13:30,Freiburg,1.1,3–2,1.1,Hoffenheim,24000,Schwarzwald-Stadion,Daniel Siebert,Match Report,
Regular Season,7,Sun,2017-10-01,15:30,Hertha BSC,2.0,2–2,1.8,Bayern Munich,71212,Olympiastadion Berlin,Harm Osmers,Match Report,
Regular Season,7,Sun,2017-10-01,18:00,Köln,1.7,1–2,2.6,RB Leipzig,48700,RheinEnergieSTADION,Felix Zwayer,Match Report,
,,,,,,,,,,,,,,
Regular Season,8,Fri,2017-10-13,20:30,Stuttgart,2.6,2–1,1.7,Köln,58716,Mercedes-Benz Arena,Benjamin Cortus,Match Report,
Regular Season,8,Sat,2017-10-14,15:30,Bayern Munich,2.0,5–0,0.6,Freiburg,75000,Allianz Arena,Frank Willenborg,Match Report,
Regular Season,8,Sat,2017-10-14,15:30,Hannover 96,1.0,1–2,0.8,Eint Frankfurt,43500,HDI-Arena,Bastian Dankert,Match Report,
Regular Season,8,Sat,2017-10-14,15:30,Mainz 05,1.1,3–2,1.6,Hamburger SV,30371,Opel Arena,Felix Brych,Match Report,
Regular Season,8,Sat,2017-10-14,15:30,Hertha BSC,0.3,0–2,1.7,Schalke 04,50590,Olympiastadion Berlin,Benjamin Brand,Match Report,
Regular Season,8,Sat,2017-10-14,15:30,Hoffenheim,1.8,2–2,1.1,Augsburg,27014,Dietmar-Hopp-Stadion,Manuel Gräfe,Match Report,
Regular Season,8,Sat,2017-10-14,18:30,Dortmund,3.1,2–3,2.3,RB Leipzig,80100,Signal Iduna Park,Deniz Aytekin,Match Report,
Regular Season,8,Sun,2017-10-15,15:30,Leverkusen,1.9,2–2,1.5,Wolfsburg,29104,BayArena,Patrick Ittrich,Match Report,
Regular Season,8,Sun,2017-10-15,18:00,Werder Bremen,1.4,0–2,2.1,M'Gladbach,42100,Weserstadion,Markus Schmidt,Match Report,
,,,,,,,,,,,,,,
Regular Season,9,Fri,2017-10-20,20:30,Schalke 04,2.0,2–0,0.5,Mainz 05,59476,Veltins-Arena,Bibiana Steinhaus,Match Report,
Regular Season,9,Sat,2017-10-21,15:30,RB Leipzig,1.0,1–0,0.6,Stuttgart,42558,Red Bull Arena,Sven Jablonski,Match Report,
Regular Season,9,Sat,2017-10-21,15:30,Augsburg,1.4,1–2,1.0,Hannover 96,25971,WWK Arena,Sascha Stegemann,Match Report,
Regular Season,9,Sat,2017-10-21,15:30,M'Gladbach,1.9,1–5,2.4,Leverkusen,53053,Stadion im Borussia-Park,Bastian Dankert,Match Report,
Regular Season,9,Sat,2017-10-21,15:30,Eint Frankfurt,2.4,2–2,2.1,Dortmund,51500,Commerzbank-Arena,Robert Hartmann,Match Report,
Regular Season,9,Sat,2017-10-21,18:30,Hamburger SV,0.2,0–1,2.3,Bayern Munich,57000,Volksparkstadion,Marco Fritz,Match Report,
Regular Season,9,Sun,2017-10-22,13:30,Köln,2.0,0–0,1.0,Werder Bremen,50000,RheinEnergieSTADION,Robert Kampka,Match Report,
Regular Season,9,Sun,2017-10-22,15:30,Freiburg,3.0,1–1,2.0,Hertha BSC,23800,Schwarzwald-Stadion,Guido Winkmann,Match Report,
Regular Season,9,Sun,2017-10-22,18:00,Wolfsburg,1.5,1–1,1.9,Hoffenheim,23514,Volkswagen Arena,Felix Zwayer,Match Report,
,,,,,,,,,,,,,,
Regular Season,10,Fri,2017-10-27,20:30,Mainz 05,0.4,1–1,0.8,Eint Frankfurt,33794,Opel Arena,Sascha Stegemann,Match Report,
Regular Season,10,Sat,2017-10-28,15:30,Hertha BSC,0.9,2–1,0.8,Hamburger SV,52131,Olympiastadion Berlin,Felix Brych,Match Report,
Regular Season,10,Sat,2017-10-28,15:30,Schalke 04,1.5,1–1,1.3,Wolfsburg,60429,Veltins-Arena,Markus Schmidt,Match Report,
Regular Season,10,Sat,2017-10-28,15:30,Hoffenheim,1.0,1–3,1.8,M'Gladbach,30150,Dietmar-Hopp-Stadion,Harm Osmers,Match Report,
Regular Season,10,Sat,2017-10-28,15:30,Hannover 96,2.6,4–2,1.0,Dortmund,49000,HDI-Arena,Patrick Ittrich,Match Report,
Regular Season,10,Sat,2017-10-28,15:30,Leverkusen,1.9,2–1,0.4,Köln,30210,BayArena,Manuel Gräfe,Match Report,
Regular Season,10,Sat,2017-10-28,18:30,Bayern Munich,1.9,2–0,0.2,RB Leipzig,75000,Allianz Arena,Daniel Siebert,Match Report,
Regular Season,10,Sun,2017-10-29,15:30,Werder Bremen,1.1,0–3,2.8,Augsburg,40500,Weserstadion,Sören Storks,Match Report,
Regular Season,10,Sun,2017-10-29,18:00,Stuttgart,1.3,3–0,0.5,Freiburg,58872,Mercedes-Benz Arena,Tobias Stieler,Match Report,
,,,,,,,,,,,,,,
Regular Season,11,Fri,2017-11-03,20:30,Eint Frankfurt,2.1,2–1,1.3,Werder Bremen,51500,Commerzbank-Arena,Benjamin Brand,Match Report,
Regular Season,11,Sat,2017-11-04,15:30,Freiburg,1.2,0–1,0.7,Schalke 04,24000,Schwarzwald-Stadion,Felix Brych,Match Report,
Regular Season,11,Sat,2017-11-04,15:30,RB Leipzig,2.1,2–1,1.0,Hannover 96,40461,Red Bull Arena,Martin Petersen,Match Report,
Regular Season,11,Sat,2017-11-04,15:30,M'Gladbach,0.9,1–1,0.9,Mainz 05,52659,Stadion im Borussia-Park,Sven Jablonski,Match Report,
Regular Season,11,Sat,2017-11-04,15:30,Hamburger SV,1.6,3–1,1.1,Stuttgart,54976,Volksparkstadion,Guido Winkmann,Match Report,
Regular Season,11,Sat,2017-11-04,15:30,Augsburg,1.2,1–1,0.6,Leverkusen,26133,WWK Arena,Christian Dingert,Match Report,
Regular Season,11,Sat,2017-11-04,18:30,Dortmund,3.1,1–3,1.5,Bayern Munich,81360,Signal Iduna Park,Tobias Stieler,Match Report,
Regular Season,11,Sun,2017-11-05,15:30,Köln,1.1,0–3,2.7,Hoffenheim,49200,RheinEnergieSTADION,Deniz Aytekin,Match Report,
Regular Season,11,Sun,2017-11-05,18:00,Wolfsburg,2.4,3–3,1.5,Hertha BSC,25214,Volkswagen Arena,Robert Kampka,Match Report,
,,,,,,,,,,,,,,
Regular Season,12,Fri,2017-11-17,20:30,Stuttgart,2.1,2–1,1.9,Dortmund,58932,Mercedes-Benz Arena,Frank Willenborg,Match Report,
Regular Season,12,Sat,2017-11-18,15:30,Mainz 05,1.7,1–0,0.8,Köln,30473,Opel Arena,Felix Brych,Match Report,
Regular Season,12,Sat,2017-11-18,15:30,Leverkusen,2.2,2–2,2.3,RB Leipzig,29218,BayArena,Harm Osmers,Match Report,
Regular Season,12,Sat,2017-11-18,15:30,Hoffenheim,1.1,1–1,0.8,Eint Frankfurt,30150,Dietmar-Hopp-Stadion,Felix Zwayer,Match Report,
Regular Season,12,Sat,2017-11-18,15:30,Bayern Munich,1.7,3–0,0.5,Augsburg,75000,Allianz Arena,Markus Schmidt,Match Report,
Regular Season,12,Sat,2017-11-18,15:30,Wolfsburg,2.7,3–1,1.0,Freiburg,23744,Volkswagen Arena,Manuel Gräfe,Match Report,
Regular Season,12,Sat,2017-11-18,18:30,Hertha BSC,1.5,2–4,1.4,M'Gladbach,48304,Olympiastadion Berlin,Bastian Dankert,Match Report,
Regular Season,12,Sun,2017-11-19,15:30,Schalke 04,1.9,2–0,1.2,Hamburger SV,62271,Veltins-Arena,Robert Hartmann,Match Report,
Regular Season,12,Sun,2017-11-19,18:00,Werder Bremen,2.8,4–0,1.3,Hannover 96,41500,Weserstadion,Benjamin Cortus,Match Report,
,,,,,,,,,,,,,,
Regular Season,13,Fri,2017-11-24,20:30,Hannover 96,1.6,1–1,1.3,Stuttgart,43500,HDI-Arena,Christian Dingert,Match Report,
Regular Season,13,Sat,2017-11-25,15:30,Freiburg,2.9,2–1,0.9,Mainz 05,24000,Schwarzwald-Stadion,Daniel Siebert,Match Report,
Regular Season,13,Sat,2017-11-25,15:30,Augsburg,2.4,2–1,0.2,Wolfsburg,26541,WWK Arena,Tobias Stieler,Match Report,
Regular Season,13,Sat,2017-11-25,15:30,Eint Frankfurt,0.6,0–1,1.1,Leverkusen,50000,Commerzbank-Arena,Patrick Ittrich,Match Report,
Regular Season,13,Sat,2017-11-25,15:30,RB Leipzig,1.2,2–0,1.0,Werder Bremen,40172,Red Bull Arena,Sascha Stegemann,Match Report,
Regular Season,13,Sat,2017-11-25,15:30,Dortmund,1.8,4–4,1.8,Schalke 04,80179,Signal Iduna Park,Deniz Aytekin,Match Report,
Regular Season,13,Sat,2017-11-25,18:30,M'Gladbach,2.4,2–1,1.9,Bayern Munich,54018,Stadion im Borussia-Park,Manuel Gräfe,Match Report,
Regular Season,13,Sun,2017-11-26,15:30,Hamburger SV,1.7,3–0,1.1,Hoffenheim,46470,Volksparkstadion,Bastian Dankert,Match Report,
Regular Season,13,Sun,2017-11-26,18:00,Köln,1.1,0–2,2.0,Hertha BSC,47800,RheinEnergieSTADION,Bibiana Steinhaus,Match Report,
,,,,,,,,,,,,,,
Regular Season,14,Fri,2017-12-01,20:30,Freiburg,1.3,0–0,0.7,Hamburger SV,24000,Schwarzwald-Stadion,Benjamin Brand,Match Report,
Regular Season,14,Sat,2017-12-02,15:30,Leverkusen,2.0,1–1,0.8,Dortmund,30210,BayArena,Robert Hartmann,Match Report,
Regular Season,14,Sat,2017-12-02,15:30,Werder Bremen,1.1,1–0,1.1,Stuttgart,41500,Weserstadion,Bastian Dankert,Match Report,
Regular Season,14,Sat,2017-12-02,15:30,Hoffenheim,1.4,4–0,0.5,RB Leipzig,28299,Dietmar-Hopp-Stadion,Daniel Siebert,Match Report,
Regular Season,14,Sat,2017-12-02,15:30,Bayern Munich,3.7,3–1,1.2,Hannover 96,75000,Allianz Arena,Guido Winkmann,Match Report,
Regular Season,14,Sat,2017-12-02,15:30,Mainz 05,0.6,1–3,2.1,Augsburg,25037,Opel Arena,Frank Willenborg,Match Report,
Regular Season,14,Sat,2017-12-02,18:30,Schalke 04,2.5,2–2,1.8,Köln,61761,Veltins-Arena,Tobias Stieler,Match Report,
Regular Season,14,Sun,2017-12-03,15:30,Hertha BSC,1.1,1–2,0.5,Eint Frankfurt,38781,Olympiastadion Berlin,Sören Storks,Match Report,
Regular Season,14,Sun,2017-12-03,18:00,Wolfsburg,1.5,3–0,1.1,M'Gladbach,24250,Volkswagen Arena,Benjamin Cortus,Match Report,
,,,,,,,,,,,,,,
Regular Season,15,Fri,2017-12-08,20:30,Stuttgart,0.4,0–2,1.5,Leverkusen,54650,Mercedes-Benz Arena,Deniz Aytekin,Match Report,
Regular Season,15,Sat,2017-12-09,15:30,Hamburger SV,1.3,0–0,0.1,Wolfsburg,45226,Volksparkstadion,Christian Dingert,Match Report,
Regular Season,15,Sat,2017-12-09,15:30,RB Leipzig,1.6,2–2,0.9,Mainz 05,32817,Red Bull Arena,Patrick Ittrich,Match Report,
Regular Season,15,Sat,2017-12-09,15:30,Dortmund,1.9,1–2,1.0,Werder Bremen,81160,Signal Iduna Park,Manuel Gräfe,Match Report,
Regular Season,15,Sat,2017-12-09,15:30,Eint Frankfurt,0.6,0–1,0.3,Bayern Munich,51500,Commerzbank-Arena,Harm Osmers,Match Report,
Regular Season,15,Sat,2017-12-09,18:30,M'Gladbach,1.4,1–1,1.0,Schalke 04,54018,Stadion im Borussia-Park,Sascha Stegemann,Match Report,
Regular Season,15,Sun,2017-12-10,13:30,Köln,1.5,3–4,3.3,Freiburg,45100,RheinEnergieSTADION,Robert Kampka,Match Report,
Regular Season,15,Sun,2017-12-10,15:30,Hannover 96,1.4,2–0,0.8,Hoffenheim,36800,HDI-Arena,Markus Schmidt,Match Report,
Regular Season,15,Sun,2017-12-10,18:00,Augsburg,1.2,1–1,0.6,Hertha BSC,26641,WWK Arena,Martin Petersen,Match Report,
,,,,,,,,,,,,,,
Regular Season,16,Tue,2017-12-12,18:30,Wolfsburg,2.4,1–1,0.5,RB Leipzig,22827,Volkswagen Arena,Guido Winkmann,Match Report,
Regular Season,16,Tue,2017-12-12,20:30,Freiburg,1.7,1–0,0.4,M'Gladbach,23800,Schwarzwald-Stadion,Deniz Aytekin,Match Report,
Regular Season,16,Tue,2017-12-12,20:30,Mainz 05,0.5,0–2,2.0,Dortmund,32976,Opel Arena,Benjamin Brand,Match Report,
Regular Season,16,Tue,2017-12-12,20:30,Hamburger SV,1.7,1–2,1.3,Eint Frankfurt,40983,Volksparkstadion,Manuel Gräfe,Match Report,
Regular Season,16,Wed,2017-12-13,18:30,Hoffenheim,1.4,1–0,0.7,Stuttgart,30150,Dietmar-Hopp-Stadion,Bibiana Steinhaus,Match Report,
Regular Season,16,Wed,2017-12-13,20:30,Schalke 04,3.1,3–2,1.8,Augsburg,59215,Veltins-Arena,Sven Jablonski,Match Report,
Regular Season,16,Wed,2017-12-13,20:30,Leverkusen,2.6,1–0,0.4,Werder Bremen,26620,BayArena,Tobias Stieler,Match Report,
Regular Season,16,Wed,2017-12-13,20:30,Bayern Munich,2.7,1–0,0.3,Köln,75000,Allianz Arena,Daniel Siebert,Match Report,
Regular Season,16,Wed,2017-12-13,20:30,Hertha BSC,2.5,3–1,2.6,Hannover 96,29231,Olympiastadion Berlin,Robert Hartmann,Match Report,
,,,,,,,,,,,,,,
Regular Season,17,Fri,2017-12-15,20:30,M'Gladbach,2.1,3–1,0.8,Hamburger SV,51409,Stadion im Borussia-Park,Markus Schmidt,Match Report,
Regular Season,17,Sat,2017-12-16,15:30,Köln,1.8,1–0,1.2,Wolfsburg,41100,RheinEnergieSTADION,Benjamin Brand,Match Report,
Regular Season,17,Sat,2017-12-16,15:30,Stuttgart,1.2,0–1,2.0,Bayern Munich,58885,Mercedes-Benz Arena,Patrick Ittrich,Match Report,
Regular Season,17,Sat,2017-12-16,15:30,Augsburg,2.5,3–3,1.7,Freiburg,26345,WWK Arena,Christian Dingert,Match Report,
Regular Season,17,Sat,2017-12-16,15:30,Eint Frankfurt,1.6,2–2,1.9,Schalke 04,50600,Commerzbank-Arena,Robert Kampka,Match Report,
Regular Season,17,Sat,2017-12-16,15:30,Werder Bremen,1.3,2–2,1.0,Mainz 05,39000,Weserstadion,Benjamin Cortus,Match Report,
Regular Season,17,Sat,2017-12-16,18:30,Dortmund,3.1,2–1,1.3,Hoffenheim,81000,Signal Iduna Park,Harm Osmers,Match Report,
Regular Season,17,Sun,2017-12-17,15:30,Hannover 96,2.4,4–4,2.5,Leverkusen,32800,HDI-Arena,Sören Storks,Match Report,
Regular Season,17,Sun,2017-12-17,18:00,RB Leipzig,2.3,2–3,1.2,Hertha BSC,36109,Red Bull Arena,Frank Willenborg,Match Report,
,,,,,,,,,,,,,,
Regular Season,18,Fri,2018-01-12,20:30,Leverkusen,0.7,1–3,1.6,Bayern Munich,30210,BayArena,Daniel Siebert,Match Report,
Regular Season,18,Sat,2018-01-13,15:30,Eint Frankfurt,1.9,1–1,0.2,Freiburg,45300,Commerzbank-Arena,Sascha Stegemann,Match Report,
Regular Season,18,Sat,2018-01-13,15:30,Hannover 96,2.8,3–2,0.6,Mainz 05,34500,HDI-Arena,Bastian Dankert,Match Report,
Regular Season,18,Sat,2018-01-13,15:30,Augsburg,1.6,1–0,0.6,Hamburger SV,30087,WWK Arena,Manuel Gräfe,Match Report,
Regular Season,18,Sat,2018-01-13,15:30,Werder Bremen,1.6,1–1,1.4,Hoffenheim,37500,Weserstadion,Robert Hartmann,Match Report,
Regular Season,18,Sat,2018-01-13,15:30,Stuttgart,0.4,1–0,1.0,Hertha BSC,57181,Mercedes-Benz Arena,Felix Brych,Match Report,
Regular Season,18,Sat,2018-01-13,18:30,RB Leipzig,2.6,3–1,0.4,Schalke 04,42558,Red Bull Arena,Deniz Aytekin,Match Report,
Regular Season,18,Sun,2018-01-14,15:30,Köln,0.9,2–1,2.0,M'Gladbach,50000,RheinEnergieSTADION,Felix Zwayer,Match Report,
Regular Season,18,Sun,2018-01-14,18:00,Dortmund,2.4,0–0,1.4,Wolfsburg,80600,Signal Iduna Park,Tobias Stieler,Match Report,
,,,,,,,,,,,,,,
Regular Season,19,Fri,2018-01-19,20:30,Hertha BSC,0.6,1–1,1.2,Dortmund,65893,Olympiastadion Berlin,Christian Dingert,Match Report,
Regular Season,19,Sat,2018-01-20,15:30,Wolfsburg,1.4,1–3,1.7,Eint Frankfurt,24450,Volkswagen Arena,Markus Schmidt,Match Report,
Regular Season,19,Sat,2018-01-20,15:30,Freiburg,0.5,2–1,1.0,RB Leipzig,23700,Schwarzwald-Stadion,Benjamin Brand,Match Report,
Regular Season,19,Sat,2018-01-20,15:30,Hoffenheim,0.7,1–4,2.6,Leverkusen,28017,Dietmar-Hopp-Stadion,Tobias Stieler,Match Report,
Regular Season,19,Sat,2018-01-20,15:30,M'Gladbach,1.1,2–0,1.0,Augsburg,42016,Stadion im Borussia-Park,Bibiana Steinhaus,Match Report,
Regular Season,19,Sat,2018-01-20,15:30,Mainz 05,2.6,3–2,1.0,Stuttgart,25736,Opel Arena,Harm Osmers,Match Report,
Regular Season,19,Sat,2018-01-20,18:30,Hamburger SV,1.0,0–2,1.2,Köln,52674,Volksparkstadion,Guido Winkmann,Match Report,
Regular Season,19,Sun,2018-01-21,15:30,Bayern Munich,1.8,4–2,0.5,Werder Bremen,75000,Allianz Arena,Robert Kampka,Match Report,
Regular Season,19,Sun,2018-01-21,18:00,Schalke 04,0.5,1–1,0.9,Hannover 96,60650,Veltins-Arena,Martin Petersen,Match Report,
,,,,,,,,,,,,,,
Regular Season,20,Fri,2018-01-26,20:30,Eint Frankfurt,1.2,2–0,1.4,M'Gladbach,47500,Commerzbank-Arena,Marco Fritz,Match Report,
Regular Season,20,Sat,2018-01-27,15:30,RB Leipzig,1.2,1–1,1.1,Hamburger SV,42558,Red Bull Arena,Benjamin Cortus,Match Report,
Regular Season,20,Sat,2018-01-27,15:30,Stuttgart,0.6,0–2,2.7,Schalke 04,55096,Mercedes-Benz Arena,Felix Zwayer,Match Report,
Regular Season,20,Sat,2018-01-27,15:30,Köln,1.1,1–1,0.8,Augsburg,49900,RheinEnergieSTADION,Christian Dingert,Match Report,
Regular Season,20,Sat,2018-01-27,15:30,Bayern Munich,2.7,5–2,1.0,Hoffenheim,75000,Allianz Arena,Manuel Gräfe,Match Report,
Regular Season,20,Sat,2018-01-27,15:30,Dortmund,1.3,2–2,0.4,Freiburg,81360,Signal Iduna Park,Daniel Siebert,Match Report,
Regular Season,20,Sat,2018-01-27,18:30,Werder Bremen,1.6,0–0,1.1,Hertha BSC,40030,Weserstadion,Bastian Dankert,Match Report,
Regular Season,20,Sun,2018-01-28,15:30,Leverkusen,1.8,2–0,0.1,Mainz 05,25471,BayArena,Frank Willenborg,Match Report,
Regular Season,20,Sun,2018-01-28,18:00,Hannover 96,1.0,0–1,0.4,Wolfsburg,34300,HDI-Arena,Felix Brych,Match Report,
,,,,,,,,,,,,,,
Regular Season,21,Fri,2018-02-02,20:30,Köln,2.4,2–3,1.8,Dortmund,50000,RheinEnergieSTADION,Benjamin Brand,Match Report,
Regular Season,21,Sat,2018-02-03,15:30,Hertha BSC,1.0,1–1,1.9,Hoffenheim,32598,Olympiastadion Berlin,Deniz Aytekin,Match Report,
Regular Season,21,Sat,2018-02-03,15:30,Wolfsburg,1.0,1–1,1.5,Stuttgart,24378,Volkswagen Arena,Robert Hartmann,Match Report,
Regular Season,21,Sat,2018-02-03,15:30,Mainz 05,1.6,0–2,1.8,Bayern Munich,34000,Opel Arena,Sören Storks,Match Report,
Regular Season,21,Sat,2018-02-03,15:30,Freiburg,1.0,0–0,0.7,Leverkusen,24000,Schwarzwald-Stadion,Robert Kampka,Match Report,
Regular Season,21,Sat,2018-02-03,15:30,Schalke 04,1.1,1–2,2.0,Werder Bremen,62271,Veltins-Arena,Guido Winkmann,Match Report,
Regular Season,21,Sat,2018-02-03,18:30,M'Gladbach,1.0,0–1,1.1,RB Leipzig,49018,Stadion im Borussia-Park,Tobias Stieler,Match Report,
Regular Season,21,Sun,2018-02-04,15:30,Augsburg,2.4,3–0,0.6,Eint Frankfurt,27188,WWK Arena,Harm Osmers,Match Report,
Regular Season,21,Sun,2018-02-04,18:00,Hamburger SV,1.5,1–1,1.4,Hannover 96,46016,Volksparkstadion,Sascha Stegemann,Match Report,
,,,,,,,,,,,,,,
Regular Season,22,Fri,2018-02-09,20:30,RB Leipzig,2.2,2–0,1.0,Augsburg,34286,Red Bull Arena,Sven Jablonski,Match Report,
Regular Season,22,Sat,2018-02-10,15:30,Hoffenheim,2.5,4–2,1.4,Mainz 05,24105,Dietmar-Hopp-Stadion,Benjamin Cortus,Match Report,
Regular Season,22,Sat,2018-02-10,15:30,Leverkusen,1.0,0–2,0.8,Hertha BSC,25601,BayArena,Patrick Ittrich,Match Report,
Regular Season,22,Sat,2018-02-10,15:30,Hannover 96,1.0,2–1,1.1,Freiburg,37800,HDI-Arena,Manuel Gräfe,Match Report,
Regular Season,22,Sat,2018-02-10,15:30,Eint Frankfurt,2.2,4–2,1.4,Köln,47700,Commerzbank-Arena,Daniel Siebert,Match Report,
Regular Season,22,Sat,2018-02-10,15:30,Dortmund,2.3,2–0,0.6,Hamburger SV,81360,Signal Iduna Park,Marco Fritz,Match Report,
Regular Season,22,Sat,2018-02-10,18:30,Bayern Munich,1.8,2–1,0.7,Schalke 04,75000,Allianz Arena,Tobias Stieler,Match Report,
Regular Season,22,Sun,2018-02-11,15:30,Stuttgart,0.7,1–0,0.9,M'Gladbach,53296,Mercedes-Benz Arena,Frank Willenborg,Match Report,
Regular Season,22,Sun,2018-02-11,18:00,Werder Bremen,1.0,3–1,1.9,Wolfsburg,38062,Weserstadion,Deniz Aytekin,Match Report,
,,,,,,,,,,,,,,
Regular Season,23,Fri,2018-02-16,20:30,Hertha BSC,0.5,0–2,1.6,Mainz 05,30908,Olympiastadion Berlin,Martin Petersen,Match Report,
Regular Season,23,Sat,2018-02-17,15:30,Köln,0.3,1–1,1.6,Hannover 96,48400,RheinEnergieSTADION,Markus Schmidt,Match Report,
Regular Season,23,Sat,2018-02-17,15:30,Freiburg,1.9,1–0,0.5,Werder Bremen,24000,Schwarzwald-Stadion,Robert Hartmann,Match Report,
Regular Season,23,Sat,2018-02-17,15:30,Wolfsburg,0.3,1–2,2.7,Bayern Munich,30000,Volkswagen Arena,Sascha Stegemann,Match Report,
Regular Season,23,Sat,2018-02-17,15:30,Hamburger SV,1.0,1–2,2.2,Leverkusen,45691,Volksparkstadion,Felix Brych,Match Report,
Regular Season,23,Sat,2018-02-17,18:30,Schalke 04,1.2,2–1,0.5,Hoffenheim,60741,Veltins-Arena,Benjamin Brand,Match Report,
Regular Season,23,Sun,2018-02-18,15:30,Augsburg,0.5,0–1,1.6,Stuttgart,30007,WWK Arena,Tobias Stieler,Match Report,
Regular Season,23,Sun,2018-02-18,18:00,M'Gladbach,2.4,0–1,0.5,Dortmund,54018,Stadion im Borussia-Park,Bastian Dankert,Match Report,
Regular Season,23,Mon,2018-02-19,20:30,Eint Frankfurt,1.2,2–1,0.6,RB Leipzig,45100,Commerzbank-Arena,Felix Zwayer,Match Report,
,,,,,,,,,,,,,,
Regular Season,24,Fri,2018-02-23,20:30,Mainz 05,1.0,1–1,1.3,Wolfsburg,25173,Opel Arena,Bastian Dankert,Match Report,
Regular Season,24,Sat,2018-02-24,15:30,Stuttgart,1.7,1–0,0.5,Eint Frankfurt,55418,Mercedes-Benz Arena,Bibiana Steinhaus,Match Report,
Regular Season,24,Sat,2018-02-24,15:30,Hannover 96,1.9,0–1,1.3,M'Gladbach,43000,HDI-Arena,Robert Kampka,Match Report,
Regular Season,24,Sat,2018-02-24,15:30,Hoffenheim,0.6,1–1,1.0,Freiburg,30150,Dietmar-Hopp-Stadion,Christian Dingert,Match Report,
Regular Season,24,Sat,2018-02-24,15:30,Bayern Munich,2.4,0–0,0.3,Hertha BSC,75000,Allianz Arena,Guido Winkmann,Match Report,
Regular Season,24,Sat,2018-02-24,18:30,Werder Bremen,0.9,1–0,0.6,Hamburger SV,42100,Weserstadion,Felix Zwayer,Match Report,
Regular Season,24,Sun,2018-02-25,15:30,Leverkusen,0.3,0–2,1.5,Schalke 04,30210,BayArena,Daniel Siebert,Match Report,
Regular Season,24,Sun,2018-02-25,18:00,RB Leipzig,2.4,1–2,1.6,Köln,31793,Red Bull Arena,Harm Osmers,Match Report,
Regular Season,24,Mon,2018-02-26,20:30,Dortmund,0.7,1–1,1.2,Augsburg,54300,Signal Iduna Park,Manuel Gräfe,Match Report,
,,,,,,,,,,,,,,
Regular Season,25,Fri,2018-03-02,20:30,M'Gladbach,1.7,2–2,1.9,Werder Bremen,52211,Stadion im Borussia-Park,Benjamin Cortus,Match Report,
Regular Season,25,Sat,2018-03-03,15:30,Hamburger SV,1.6,0–0,0.5,Mainz 05,46739,Volksparkstadion,Markus Schmidt,Match Report,
Regular Season,25,Sat,2018-03-03,15:30,Schalke 04,0.5,1–0,1.6,Hertha BSC,61578,Veltins-Arena,Sascha Stegemann,Match Report,
Regular Season,25,Sat,2018-03-03,15:30,Augsburg,0.4,0–2,2.1,Hoffenheim,27100,WWK Arena,Patrick Ittrich,Match Report,
Regular Season,25,Sat,2018-03-03,15:30,Eint Frankfurt,1.8,1–0,0.4,Hannover 96,48500,Commerzbank-Arena,Marco Fritz,Match Report,
Regular Season,25,Sat,2018-03-03,15:30,Wolfsburg,0.2,1–2,1.5,Leverkusen,24354,Volkswagen Arena,Felix Zwayer,Match Report,
Regular Season,25,Sat,2018-03-03,18:30,RB Leipzig,0.6,1–1,1.8,Dortmund,42558,Red Bull Arena,Felix Brych,Match Report,
Regular Season,25,Sun,2018-03-04,15:30,Köln,1.5,2–3,0.5,Stuttgart,50000,RheinEnergieSTADION,Sören Storks,Match Report,
Regular Season,25,Sun,2018-03-04,18:00,Freiburg,0.5,0–4,2.1,Bayern Munich,24000,Schwarzwald-Stadion,Frank Willenborg,Match Report,
,,,,,,,,,,,,,,
Regular Season,26,Fri,2018-03-09,20:30,Mainz 05,0.8,0–1,0.3,Schalke 04,30655,Opel Arena,Felix Brych,Match Report,
Regular Season,26,Sat,2018-03-10,15:30,Hoffenheim,1.5,3–0,0.5,Wolfsburg,25550,Dietmar-Hopp-Stadion,Manuel Gräfe,Match Report,
Regular Season,26,Sat,2018-03-10,15:30,Hannover 96,1.0,1–3,2.2,Augsburg,36500,HDI-Arena,Bastian Dankert,Match Report,
Regular Season,26,Sat,2018-03-10,15:30,Hertha BSC,1.3,0–0,0.3,Freiburg,38625,Olympiastadion Berlin,Sven Jablonski,Match Report,
Regular Season,26,Sat,2018-03-10,15:30,Bayern Munich,4.2,6–0,0.0,Hamburger SV,75000,Allianz Arena,Christian Dingert,Match Report,
Regular Season,26,Sat,2018-03-10,18:30,Leverkusen,2.5,2–0,0.6,M'Gladbach,28809,BayArena,Robert Hartmann,Match Report,
Regular Season,26,Sun,2018-03-11,15:30,Stuttgart,1.0,0–0,0.7,RB Leipzig,53548,Mercedes-Benz Arena,Tobias Stieler,Match Report,
Regular Season,26,Sun,2018-03-11,18:00,Dortmund,1.2,3–2,1.3,Eint Frankfurt,81360,Signal Iduna Park,Deniz Aytekin,Match Report,
Regular Season,26,Mon,2018-03-12,20:30,Werder Bremen,1.4,3–1,0.6,Köln,41100,Weserstadion,Benjamin Brand,Match Report,
,,,,,,,,,,,,,,
Regular Season,27,Fri,2018-03-16,20:30,Freiburg,0.4,1–2,1.5,Stuttgart,24000,Schwarzwald-Stadion,Benjamin Brand,Match Report,
Regular Season,27,Sat,2018-03-17,15:30,Hamburger SV,0.9,1–2,1.9,Hertha BSC,52159,Volksparkstadion,Robert Kampka,Match Report,
Regular Season,27,Sat,2018-03-17,15:30,Augsburg,0.6,1–3,2.5,Werder Bremen,30080,WWK Arena,Sascha Stegemann,Match Report,
Regular Season,27,Sat,2018-03-17,15:30,Eint Frankfurt,2.4,3–0,0.6,Mainz 05,49500,Commerzbank-Arena,Daniel Siebert,Match Report,
Regular Season,27,Sat,2018-03-17,15:30,M'Gladbach,3.0,3–3,2.2,Hoffenheim,51049,Stadion im Borussia-Park,Martin Petersen,Match Report,
Regular Season,27,Sat,2018-03-17,18:30,Wolfsburg,1.7,0–1,1.0,Schalke 04,27502,Volkswagen Arena,Benjamin Cortus,Match Report,
Regular Season,27,Sun,2018-03-18,13:30,Dortmund,2.6,1–0,0.6,Hannover 96,81360,Signal Iduna Park,Patrick Ittrich,Match Report,
Regular Season,27,Sun,2018-03-18,15:30,Köln,1.4,2–0,0.6,Leverkusen,50000,RheinEnergieSTADION,Harm Osmers,Match Report,
Regular Season,27,Sun,2018-03-18,18:00,RB Leipzig,2.2,2–1,1.6,Bayern Munich,42558,Red Bull Arena,Marco Fritz,Match Report,
,,,,,,,,,,,,,,
Regular Season,28,Sat,2018-03-31,15:30,Schalke 04,2.1,2–0,0.2,Freiburg,61688,Veltins-Arena,Tobias Stieler,Match Report,
Regular Season,28,Sat,2018-03-31,15:30,Leverkusen,0.8,0–0,0.3,Augsburg,25831,BayArena,Frank Willenborg,Match Report,
Regular Season,28,Sat,2018-03-31,15:30,Stuttgart,1.1,1–1,0.9,Hamburger SV,60449,Mercedes-Benz Arena,Felix Brych,Match Report,
Regular Season,28,Sat,2018-03-31,15:30,Hannover 96,1.0,2–3,3.1,RB Leipzig,42300,HDI-Arena,Guido Winkmann,Match Report,
Regular Season,28,Sat,2018-03-31,15:30,Hoffenheim,3.1,6–0,0.6,Köln,30150,Dietmar-Hopp-Stadion,Robert Hartmann,Match Report,
Regular Season,28,Sat,2018-03-31,18:30,Bayern Munich,4.0,6–0,0.6,Dortmund,75000,Allianz Arena,Bastian Dankert,Match Report,
Regular Season,28,Sat,2018-03-31,20:30,Hertha BSC,0.5,0–0,0.9,Wolfsburg,34765,Olympiastadion Berlin,Deniz Aytekin,Match Report,
Regular Season,28,Sun,2018-04-01,15:30,Werder Bremen,0.9,2–1,1.0,Eint Frankfurt,42100,Weserstadion,Felix Zwayer,Match Report,
Regular Season,28,Sun,2018-04-01,18:00,Mainz 05,0.7,0–0,0.9,M'Gladbach,30173,Opel Arena,Manuel Gräfe,Match Report,
,,,,,,,,,,,,,,
Regular Season,29,Fri,2018-04-06,20:30,Hannover 96,1.5,2–1,1.4,Werder Bremen,49000,HDI-Arena,Tobias Welz,Match Report,
Regular Season,29,Sat,2018-04-07,15:30,M'Gladbach,1.4,2–1,2.6,Hertha BSC,51417,Stadion im Borussia-Park,Bibiana Steinhaus,Match Report,
Regular Season,29,Sat,2018-04-07,15:30,Augsburg,1.2,1–4,1.6,Bayern Munich,30660,WWK Arena,Markus Schmidt,Match Report,
Regular Season,29,Sat,2018-04-07,15:30,Freiburg,1.4,0–2,0.9,Wolfsburg,24000,Schwarzwald-Stadion,Sascha Stegemann,Match Report,
Regular Season,29,Sat,2018-04-07,15:30,Köln,1.3,1–1,1.5,Mainz 05,50000,RheinEnergieSTADION,Benjamin Cortus,Match Report,
Regular Season,29,Sat,2018-04-07,18:30,Hamburger SV,1.9,3–2,1.2,Schalke 04,54137,Volksparkstadion,Christian Dingert,Match Report,
Regular Season,29,Sun,2018-04-08,15:30,Dortmund,1.7,3–0,0.6,Stuttgart,81360,Signal Iduna Park,Patrick Ittrich,Match Report,
Regular Season,29,Sun,2018-04-08,18:00,Eint Frankfurt,1.6,1–1,1.1,Hoffenheim,50500,Commerzbank-Arena,Daniel Siebert,Match Report,
Regular Season,29,Mon,2018-04-09,20:30,RB Leipzig,1.6,1–4,1.6,Leverkusen,35617,Red Bull Arena,Deniz Aytekin,Match Report,
,,,,,,,,,,,,,,
Regular Season,30,Fri,2018-04-13,20:30,Wolfsburg,1.1,0–0,0.3,Augsburg,23512,Volkswagen Arena,Patrick Ittrich,Match Report,
Regular Season,30,Sat,2018-04-14,15:30,Stuttgart,0.9,1–1,0.9,Hannover 96,57131,Mercedes-Benz Arena,Sven Jablonski,Match Report,
Regular Season,30,Sat,2018-04-14,15:30,Hoffenheim,2.5,2–0,0.5,Hamburger SV,30150,Dietmar-Hopp-Stadion,Harm Osmers,Match Report,
Regular Season,30,Sat,2018-04-14,15:30,Leverkusen,2.9,4–1,0.9,Eint Frankfurt,30210,BayArena,Felix Brych,Match Report,
Regular Season,30,Sat,2018-04-14,15:30,Hertha BSC,1.7,2–1,1.6,Köln,49253,Olympiastadion Berlin,Sören Storks,Match Report,
Regular Season,30,Sat,2018-04-14,18:30,Bayern Munich,3.4,5–1,0.2,M'Gladbach,75000,Allianz Arena,Robert Kampka,Match Report,
Regular Season,30,Sun,2018-04-15,15:30,Schalke 04,0.8,2–0,0.8,Dortmund,61786,Veltins-Arena,Manuel Gräfe,Match Report,
Regular Season,30,Sun,2018-04-15,18:00,Werder Bremen,1.1,1–1,1.2,RB Leipzig,42100,Weserstadion,Christian Dingert,Match Report,
Regular Season,30,Mon,2018-04-16,20:30,Mainz 05,2.4,2–0,0.4,Freiburg,26407,Opel Arena,Guido Winkmann,Match Report,
,,,,,,,,,,,,,,
Regular Season,31,Fri,2018-04-20,20:30,M'Gladbach,2.1,3–0,0.4,Wolfsburg,47797,Stadion im Borussia-Park,Tobias Stieler,Match Report,
Regular Season,31,Sat,2018-04-21,15:30,Eint Frankfurt,1.4,0–3,1.4,Hertha BSC,51000,Commerzbank-Arena,Sascha Stegemann,Match Report,
Regular Season,31,Sat,2018-04-21,15:30,RB Leipzig,1.9,2–5,3.0,Hoffenheim,41780,Red Bull Arena,Tobias Welz,Match Report,
Regular Season,31,Sat,2018-04-21,15:30,Stuttgart,1.4,2–0,0.6,Werder Bremen,58932,Mercedes-Benz Arena,Sören Storks,Match Report,
Regular Season,31,Sat,2018-04-21,15:30,Hannover 96,0.5,0–3,1.3,Bayern Munich,49000,HDI-Arena,Martin Petersen,Match Report,
Regular Season,31,Sat,2018-04-21,15:30,Hamburger SV,1.5,1–0,1.0,Freiburg,54847,Volksparkstadion,Benjamin Cortus,Match Report,
Regular Season,31,Sat,2018-04-21,18:30,Dortmund,3.2,4–0,0.5,Leverkusen,81360,Signal Iduna Park,Markus Schmidt,Match Report,
Regular Season,31,Sun,2018-04-22,15:30,Augsburg,1.8,2–0,0.3,Mainz 05,29110,WWK Arena,Frank Willenborg,Match Report,
Regular Season,31,Sun,2018-04-22,18:00,Köln,0.9,2–2,2.2,Schalke 04,50000,RheinEnergieSTADION,Marco Fritz,Match Report,
,,,,,,,,,,,,,,
Regular Season,32,Fri,2018-04-27,20:30,Hoffenheim,1.8,3–1,1.4,Hannover 96,26452,Dietmar-Hopp-Stadion,Patrick Ittrich,Match Report,
Regular Season,32,Sat,2018-04-28,15:30,Hertha BSC,1.5,2–2,1.0,Augsburg,40935,Olympiastadion Berlin,Marco Fritz,Match Report,
Regular Season,32,Sat,2018-04-28,15:30,Schalke 04,1.3,1–1,1.9,M'Gladbach,62271,Veltins-Arena,Harm Osmers,Match Report,
Regular Season,32,Sat,2018-04-28,15:30,Bayern Munich,2.2,4–1,1.3,Eint Frankfurt,75000,Allianz Arena,Christian Dingert,Match Report,
Regular Season,32,Sat,2018-04-28,15:30,Wolfsburg,1.0,1–3,2.5,Hamburger SV,29400,Volkswagen Arena,Daniel Siebert,Match Report,
Regular Season,32,Sat,2018-04-28,15:30,Freiburg,4.1,3–2,1.4,Köln,24000,Schwarzwald-Stadion,Deniz Aytekin,Match Report,
Regular Season,32,Sat,2018-04-28,18:30,Leverkusen,2.9,0–1,0.2,Stuttgart,30210,BayArena,Tobias Welz,Match Report,
Regular Season,32,Sun,2018-04-29,15:30,Mainz 05,2.0,3–0,1.4,RB Leipzig,30083,Opel Arena,Bastian Dankert,Match Report,
Regular Season,32,Sun,2018-04-29,18:00,Werder Bremen,1.1,1–1,2.7,Dortmund,41000,Weserstadion,Felix Brych,Match Report,
,,,,,,,,,,,,,,
Regular Season,33,Sat,2018-05-05,15:30,Augsburg,1.0,1–2,2.0,Schalke 04,30660,WWK Arena,Robert Kampka,Match Report,
Regular Season,33,Sat,2018-05-05,15:30,Stuttgart,1.0,2–0,2.6,Hoffenheim,58312,Mercedes-Benz Arena,Felix Zwayer,Match Report,
Regular Season,33,Sat,2018-05-05,15:30,Werder Bremen,0.2,0–0,1.0,Leverkusen,41000,Weserstadion,Robert Hartmann,Match Report,
Regular Season,33,Sat,2018-05-05,15:30,RB Leipzig,1.8,4–1,0.7,Wolfsburg,41487,Red Bull Arena,Marco Fritz,Match Report,
Regular Season,33,Sat,2018-05-05,15:30,Eint Frankfurt,1.2,3–0,0.9,Hamburger SV,51500,Commerzbank-Arena,Deniz Aytekin,Match Report,
Regular Season,33,Sat,2018-05-05,15:30,M'Gladbach,2.2,3–1,2.1,Freiburg,54018,Stadion im Borussia-Park,Manuel Gräfe,Match Report,
Regular Season,33,Sat,2018-05-05,15:30,Köln,1.7,1–3,2.4,Bayern Munich,50000,RheinEnergieSTADION,Bibiana Steinhaus,Match Report,
Regular Season,33,Sat,2018-05-05,15:30,Dortmund,0.9,1–2,1.1,Mainz 05,81360,Signal Iduna Park,Daniel Siebert,Match Report,
Regular Season,33,Sat,2018-05-05,15:30,Hannover 96,1.4,3–1,0.9,Hertha BSC,49000,HDI-Arena,Sören Storks,Match Report,
,,,,,,,,,,,,,,
Regular Season,34,Sat,2018-05-12,15:30,Schalke 04,1.1,1–0,0.6,Eint Frankfurt,61585,Veltins-Arena,Frank Willenborg,Match Report,
Regular Season,34,Sat,2018-05-12,15:30,Leverkusen,4.7,3–2,2.1,Hannover 96,30210,BayArena,Guido Winkmann,Match Report,
Regular Season,34,Sat,2018-05-12,15:30,Mainz 05,1.0,1–2,1.0,Werder Bremen,34000,Opel Arena,Martin Petersen,Match Report,
Regular Season,34,Sat,2018-05-12,15:30,Wolfsburg,3.2,4–1,0.8,Köln,26112,Volkswagen Arena,Markus Schmidt,Match Report,
Regular Season,34,Sat,2018-05-12,15:30,Hertha BSC,1.0,2–6,1.4,RB Leipzig,60502,Olympiastadion Berlin,Sven Jablonski,Match Report,
Regular Season,34,Sat,2018-05-12,15:30,Bayern Munich,2.5,1–4,2.6,Stuttgart,75000,Allianz Arena,Sascha Stegemann,Match Report,
Regular Season,34,Sat,2018-05-12,15:30,Freiburg,0.9,2–0,0.1,Augsburg,24000,Schwarzwald-Stadion,Bastian Dankert,Match Report,
Regular Season,34,Sat,2018-05-12,15:30,Hamburger SV,2.3,2–1,1.1,M'Gladbach,57000,Volksparkstadion,Felix Brych,Match Report,
Regular Season,34,Sat,2018-05-12,15:30,Hoffenheim,1.4,3–1,1.3,Dortmund,30150,Dietmar-Hopp-Stadion,Manuel Gräfe,Match Report,