match_id,home,round,season,team,xg,xg_against,score,score_against
0,1,1,2017-18,Bayern Munich,2.5,2.1,3,1
0,0,1,2017-18,Leverkusen,2.1,2.5,1,3
1,1,1,2017-18,Hoffenheim,1.2,1.0,1,0
1,0,1,2017-18,Werder Bremen,1.0,1.2,0,1
2,1,1,2017-18,Mainz 05,0.9,0.7,0,1
2,0,1,2017-18,Hannover 96,0.7,0.9,1,0
3,1,1,2017-18,Wolfsburg,0.5,1.1,0,3
3,0,1,2017-18,Dortmund,1.1,0.5,3,0
4,1,1,2017-18,Hamburger SV,0.7,0.6,1,0
4,0,1,2017-18,Augsburg,0.6,0.7,0,1
5,1,1,2017-18,Hertha BSC,0.7,1.2,2,0
5,0,1,2017-18,Stuttgart,1.2,0.7,0,2
6,1,1,2017-18,Schalke 04,1.6,0.9,2,0
6,0,1,2017-18,RB Leipzig,0.9,1.6,0,2
7,1,1,2017-18,Freiburg,0.2,1.3,0,0
7,0,1,2017-18,Eint Frankfurt,1.3,0.2,0,0
8,1,1,2017-18,M'Gladbach,1.5,1.0,1,0
8,0,1,2017-18,Köln,1.0,1.5,0,1
10,1,2,2017-18,Köln,2.3,1.7,1,3
10,0,2,2017-18,Hamburger SV,1.7,2.3,3,1
11,1,2,2017-18,Stuttgart,2.3,0.9,1,0
11,0,2,2017-18,Mainz 05,0.9,2.3,0,1
12,1,2,2017-18,Eint Frankfurt,1.4,1.0,0,1
12,0,2,2017-18,Wolfsburg,1.0,1.4,1,0
13,1,2,2017-18,Werder Bremen,0.4,1.8,0,2
13,0,2,2017-18,Bayern Munich,1.8,0.4,2,0
14,1,2,2017-18,Leverkusen,2.6,0.7,2,2
14,0,2,2017-18,Hoffenheim,0.7,2.6,2,2
15,1,2,2017-18,Augsburg,3.3,1.4,2,2
15,0,2,2017-18,M'Gladbach,1.4,3.3,2,2
16,1,2,2017-18,Dortmund,2.2,0.7,2,0
16,0,2,2017-18,Hertha BSC,0.7,2.2,0,2
17,1,2,2017-18,RB Leipzig,3.1,0.4,4,1
17,0,2,2017-18,Freiburg,0.4,3.1,1,4
18,1,2,2017-18,Hannover 96,0.9,0.4,1,0
18,0,2,2017-18,Schalke 04,0.4,0.9,0,1
20,1,3,2017-18,Hamburger SV,0.9,2.4,0,2
20,0,3,2017-18,RB Leipzig,2.4,0.9,2,0
21,1,3,2017-18,M'Gladbach,0.9,0.4,0,1
21,0,3,2017-18,Eint Frankfurt,0.4,0.9,1,0
22,1,3,2017-18,Mainz 05,1.3,0.9,3,1
22,0,3,2017-18,Leverkusen,0.9,1.3,1,3
23,1,3,2017-18,Wolfsburg,1.4,1.0,1,1
23,0,3,2017-18,Hannover 96,1.0,1.4,1,1
24,1,3,2017-18,Augsburg,2.0,0.7,3,0
24,0,3,2017-18,Köln,0.7,2.0,0,3
25,1,3,2017-18,Freiburg,0.7,1.6,0,0
25,0,3,2017-18,Dortmund,1.6,0.7,0,0
26,1,3,2017-18,Hoffenheim,0.4,1.8,2,0
26,0,3,2017-18,Bayern Munich,1.8,0.4,0,2
27,1,3,2017-18,Hertha BSC,0.9,1.1,1,1
27,0,3,2017-18,Werder Bremen,1.1,0.9,1,1
28,1,3,2017-18,Schalke 04,2.3,1.3,3,1
28,0,3,2017-18,Stuttgart,1.3,2.3,1,3
30,1,4,2017-18,Hannover 96,1.8,0.7,2,0
30,0,4,2017-18,Hamburger SV,0.7,1.8,0,2
31,1,4,2017-18,Bayern Munich,4.9,0.7,4,0
31,0,4,2017-18,Mainz 05,0.7,4.9,0,4
32,1,4,2017-18,Werder Bremen,0.9,0.9,1,2
32,0,4,2017-18,Schalke 04,0.9,0.9,2,1
33,1,4,2017-18,Stuttgart,0.9,0.5,1,0
33,0,4,2017-18,Wolfsburg,0.5,0.9,0,1
34,1,4,2017-18,Eint Frankfurt,1.8,1.0,1,2
34,0,4,2017-18,Augsburg,1.0,1.8,2,1
35,1,4,2017-18,RB Leipzig,1.3,1.7,2,2
35,0,4,2017-18,M'Gladbach,1.7,1.3,2,2
36,1,4,2017-18,Hoffenheim,0.7,0.8,1,1
36,0,4,2017-18,Hertha BSC,0.8,0.7,1,1
37,1,4,2017-18,Leverkusen,2.7,0.6,4,0
37,0,4,2017-18,Freiburg,0.6,2.7,0,4
38,1,4,2017-18,Dortmund,3.1,0.5,5,0
38,0,4,2017-18,Köln,0.5,3.1,0,5
40,1,5,2017-18,M'Gladbach,1.3,0.8,2,0
40,0,5,2017-18,Stuttgart,0.8,1.3,0,2
41,1,5,2017-18,Schalke 04,1.0,2.3,0,3
41,0,5,2017-18,Bayern Munich,2.3,1.0,3,0
42,1,5,2017-18,Wolfsburg,1.0,1.5,1,1
42,0,5,2017-18,Werder Bremen,1.5,1.0,1,1
43,1,5,2017-18,Augsburg,1.1,0.9,1,0
43,0,5,2017-18,RB Leipzig,0.9,1.1,0,1
44,1,5,2017-18,Köln,1.7,1.7,0,1
44,0,5,2017-18,Eint Frankfurt,1.7,1.7,1,0
45,1,5,2017-18,Hamburger SV,0.5,2.7,0,3
45,0,5,2017-18,Dortmund,2.7,0.5,3,0
46,1,5,2017-18,Hertha BSC,0.8,0.5,2,1
46,0,5,2017-18,Leverkusen,0.5,0.8,1,2
47,1,5,2017-18,Freiburg,2.2,1.5,1,1
47,0,5,2017-18,Hannover 96,1.5,2.2,1,1
48,1,5,2017-18,Mainz 05,1.3,1.3,2,3
48,0,5,2017-18,Hoffenheim,1.3,1.3,3,2
50,1,6,2017-18,Bayern Munich,2.9,1.0,2,2
50,0,6,2017-18,Wolfsburg,1.0,2.9,2,2
51,1,6,2017-18,RB Leipzig,2.0,1.1,2,1
51,0,6,2017-18,Eint Frankfurt,1.1,2.0,1,2
52,1,6,2017-18,Werder Bremen,1.8,1.3,0,0
52,0,6,2017-18,Freiburg,1.3,1.8,0,0
53,1,6,2017-18,Hoffenheim,2.0,1.7,2,0
53,0,6,2017-18,Schalke 04,1.7,2.0,0,2
54,1,6,2017-18,Stuttgart,0.7,0.8,0,0
54,0,6,2017-18,Augsburg,0.8,0.7,0,0
55,1,6,2017-18,Mainz 05,1.1,0.6,1,0
55,0,6,2017-18,Hertha BSC,0.6,1.1,0,1
56,1,6,2017-18,Dortmund,2.6,1.3,6,1
56,0,6,2017-18,M'Gladbach,1.3,2.6,1,6
57,1,6,2017-18,Hannover 96,1.3,1.2,0,0
57,0,6,2017-18,Köln,1.2,1.3,0,0
58,1,6,2017-18,Leverkusen,2.4,0.5,3,0
58,0,6,2017-18,Hamburger SV,0.5,2.4,0,3
60,1,7,2017-18,Schalke 04,1.2,1.1,1,1
60,0,7,2017-18,Leverkusen,1.1,1.2,1,1
61,1,7,2017-18,Augsburg,1.8,2.4,1,2
61,0,7,2017-18,Dortmund,2.4,1.8,2,1
62,1,7,2017-18,M'Gladbach,2.2,1.4,2,1
62,0,7,2017-18,Hannover 96,1.4,2.2,1,2
63,1,7,2017-18,Eint Frankfurt,1.3,1.5,2,1
63,0,7,2017-18,Stuttgart,1.5,1.3,1,2
64,1,7,2017-18,Wolfsburg,0.9,0.9,1,1
64,0,7,2017-18,Mainz 05,0.9,0.9,1,1
65,1,7,2017-18,Hamburger SV,1.0,0.5,0,0
65,0,7,2017-18,Werder Bremen,0.5,1.0,0,0
66,1,7,2017-18,Freiburg,1.1,1.1,3,2
66,0,7,2017-18,Hoffenheim,1.1,1.1,2,3
67,1,7,2017-18,Hertha BSC,2.0,1.8,2,2
67,0,7,2017-18,Bayern Munich,1.8,2.0,2,2
68,1,7,2017-18,Köln,1.7,2.6,1,2
68,0,7,2017-18,RB Leipzig,2.6,1.7,2,1
70,1,8,2017-18,Stuttgart,2.6,1.7,2,1
70,0,8,2017-18,Köln,1.7,2.6,1,2
71,1,8,2017-18,Bayern Munich,2.0,0.6,5,0
71,0,8,2017-18,Freiburg,0.6,2.0,0,5
72,1,8,2017-18,Hannover 96,1.0,0.8,1,2
72,0,8,2017-18,Eint Frankfurt,0.8,1.0,2,1
73,1,8,2017-18,Mainz 05,1.1,1.6,3,2
73,0,8,2017-18,Hamburger SV,1.6,1.1,2,3
74,1,8,2017-18,Hertha BSC,0.3,1.7,0,2
74,0,8,2017-18,Schalke 04,1.7,0.3,2,0
75,1,8,2017-18,Hoffenheim,1.8,1.1,2,2
75,0,8,2017-18,Augsburg,1.1,1.8,2,2
76,1,8,2017-18,Dortmund,3.1,2.3,2,3
76,0,8,2017-18,RB Leipzig,2.3,3.1,3,2
77,1,8,2017-18,Leverkusen,1.9,1.5,2,2
77,0,8,2017-18,Wolfsburg,1.5,1.9,2,2
78,1,8,2017-18,Werder Bremen,1.4,2.1,0,2
78,0,8,2017-18,M'Gladbach,2.1,1.4,2,0
80,1,9,2017-18,Schalke 04,2.0,0.5,2,0
80,0,9,2017-18,Mainz 05,0.5,2.0,0,2
81,1,9,2017-18,RB Leipzig,1.0,0.6,1,0
81,0,9,2017-18,Stuttgart,0.6,1.0,0,1
82,1,9,2017-18,Augsburg,1.4,1.0,1,2
82,0,9,2017-18,Hannover 96,1.0,1.4,2,1
83,1,9,2017-18,M'Gladbach,1.9,2.4,1,5
83,0,9,2017-18,Leverkusen,2.4,1.9,5,1
84,1,9,2017-18,Eint Frankfurt,2.4,2.1,2,2
84,0,9,2017-18,Dortmund,2.1,2.4,2,2
85,1,9,2017-18,Hamburger SV,0.2,2.3,0,1
85,0,9,2017-18,Bayern Munich,2.3,0.2,1,0
86,1,9,2017-18,Köln,2.0,1.0,0,0
86,0,9,2017-18,Werder Bremen,1.0,2.0,0,0
87,1,9,2017-18,Freiburg,3.0,2.0,1,1
87,0,9,2017-18,Hertha BSC,2.0,3.0,1,1
88,1,9,2017-18,Wolfsburg,1.5,1.9,1,1
88,0,9,2017-18,Hoffenheim,1.9,1.5,1,1
90,1,10,2017-18,Mainz 05,0.4,0.8,1,1
90,0,10,2017-18,Eint Frankfurt,0.8,0.4,1,1
91,1,10,2017-18,Hertha BSC,0.9,0.8,2,1
91,0,10,2017-18,Hamburger SV,0.8,0.9,1,2
92,1,10,2017-18,Schalke 04,1.5,1.3,1,1
92,0,10,2017-18,Wolfsburg,1.3,1.5,1,1
93,1,10,2017-18,Hoffenheim,1.0,1.8,1,3
93,0,10,2017-18,M'Gladbach,1.8,1.0,3,1
94,1,10,2017-18,Hannover 96,2.6,1.0,4,2
94,0,10,2017-18,Dortmund,1.0,2.6,2,4
95,1,10,2017-18,Leverkusen,1.9,0.4,2,1
95,0,10,2017-18,Köln,0.4,1.9,1,2
96,1,10,2017-18,Bayern Munich,1.9,0.2,2,0
96,0,10,2017-18,RB Leipzig,0.2,1.9,0,2
97,1,10,2017-18,Werder Bremen,1.1,2.8,0,3
97,0,10,2017-18,Augsburg,2.8,1.1,3,0
98,1,10,2017-18,Stuttgart,1.3,0.5,3,0
98,0,10,2017-18,Freiburg,0.5,1.3,0,3
100,1,11,2017-18,Eint Frankfurt,2.1,1.3,2,1
100,0,11,2017-18,Werder Bremen,1.3,2.1,1,2
101,1,11,2017-18,Freiburg,1.2,0.7,0,1
101,0,11,2017-18,Schalke 04,0.7,1.2,1,0
102,1,11,2017-18,RB Leipzig,2.1,1.0,2,1
102,0,11,2017-18,Hannover 96,1.0,2.1,1,2
103,1,11,2017-18,M'Gladbach,0.9,0.9,1,1
103,0,11,2017-18,Mainz 05,0.9,0.9,1,1
104,1,11,2017-18,Hamburger SV,1.6,1.1,3,1
104,0,11,2017-18,Stuttgart,1.1,1.6,1,3
105,1,11,2017-18,Augsburg,1.2,0.6,1,1
105,0,11,2017-18,Leverkusen,0.6,1.2,1,1
106,1,11,2017-18,Dortmund,3.1,1.5,1,3
106,0,11,2017-18,Bayern Munich,1.5,3.1,3,1
107,1,11,2017-18,Köln,1.1,2.7,0,3
107,0,11,2017-18,Hoffenheim,2.7,1.1,3,0
108,1,11,2017-18,Wolfsburg,2.4,1.5,3,3
108,0,11,2017-18,Hertha BSC,1.5,2.4,3,3
110,1,12,2017-18,Stuttgart,2.1,1.9,2,1
110,0,12,2017-18,Dortmund,1.9,2.1,1,2
111,1,12,2017-18,Mainz 05,1.7,0.8,1,0
111,0,12,2017-18,Köln,0.8,1.7,0,1
112,1,12,2017-18,Leverkusen,2.2,2.3,2,2
112,0,12,2017-18,RB Leipzig,2.3,2.2,2,2
113,1,12,2017-18,Hoffenheim,1.1,0.8,1,1
113,0,12,2017-18,Eint Frankfurt,0.8,1.1,1,1
114,1,12,2017-18,Bayern Munich,1.7,0.5,3,0
114,0,12,2017-18,Augsburg,0.5,1.7,0,3
115,1,12,2017-18,Wolfsburg,2.7,1.0,3,1
115,0,12,2017-18,Freiburg,1.0,2.7,1,3
116,1,12,2017-18,Hertha BSC,1.5,1.4,2,4
116,0,12,2017-18,M'Gladbach,1.4,1.5,4,2
117,1,12,2017-18,Schalke 04,1.9,1.2,2,0
117,0,12,2017-18,Hamburger SV,1.2,1.9,0,2
118,1,12,2017-18,Werder Bremen,2.8,1.3,4,0
118,0,12,2017-18,Hannover 96,1.3,2.8,0,4
120,1,13,2017-18,Hannover 96,1.6,1.3,1,1
120,0,13,2017-18,Stuttgart,1.3,1.6,1,1
121,1,13,2017-18,Freiburg,2.9,0.9,2,1
121,0,13,2017-18,Mainz 05,0.9,2.9,1,2
122,1,13,2017-18,Augsburg,2.4,0.2,2,1
122,0,13,2017-18,Wolfsburg,0.2,2.4,1,2
123,1,13,2017-18,Eint Frankfurt,0.6,1.1,0,1
123,0,13,2017-18,Leverkusen,1.1,0.6,1,0
124,1,13,2017-18,RB Leipzig,1.2,1.0,2,0
124,0,13,2017-18,Werder Bremen,1.0,1.2,0,2
125,1,13,2017-18,Dortmund,1.8,1.8,4,4
125,0,13,2017-18,Schalke 04,1.8,1.8,4,4
126,1,13,2017-18,M'Gladbach,2.4,1.9,2,1
126,0,13,2017-18,Bayern Munich,1.9,2.4,1,2
127,1,13,2017-18,Hamburger SV,1.7,1.1,3,0
127,0,13,2017-18,Hoffenheim,1.1,1.7,0,3
128,1,13,2017-18,Köln,1.1,2.0,0,2
128,0,13,2017-18,Hertha BSC,2.0,1.1,2,0
130,1,14,2017-18,Freiburg,1.3,0.7,0,0
130,0,14,2017-18,Hamburger SV,0.7,1.3,0,0
131,1,14,2017-18,Leverkusen,2.0,0.8,1,1
131,0,14,2017-18,Dortmund,0.8,2.0,1,1
132,1,14,2017-18,Werder Bremen,1.1,1.1,1,0
132,0,14,2017-18,Stuttgart,1.1,1.1,0,1
133,1,14,2017-18,Hoffenheim,1.4,0.5,4,0
133,0,14,2017-18,RB Leipzig,0.5,1.4,0,4
134,1,14,2017-18,Bayern Munich,3.7,1.2,3,1
134,0,14,2017-18,Hannover 96,1.2,3.7,1,3
135,1,14,2017-18,Mainz 05,0.6,2.1,1,3
135,0,14,2017-18,Augsburg,2.1,0.6,3,1
136,1,14,2017-18,Schalke 04,2.5,1.8,2,2
136,0,14,2017-18,Köln,1.8,2.5,2,2
137,1,14,2017-18,Hertha BSC,1.1,0.5,1,2
137,0,14,2017-18,Eint Frankfurt,0.5,1.1,2,1
138,1,14,2017-18,Wolfsburg,1.5,1.1,3,0
138,0,14,2017-18,M'Gladbach,1.1,1.5,0,3
140,1,15,2017-18,Stuttgart,0.4,1.5,0,2
140,0,15,2017-18,Leverkusen,1.5,0.4,2,0
141,1,15,2017-18,Hamburger SV,1.3,0.1,0,0
141,0,15,2017-18,Wolfsburg,0.1,1.3,0,0
142,1,15,2017-18,RB Leipzig,1.6,0.9,2,2
142,0,15,2017-18,Mainz 05,0.9,1.6,2,2
143,1,15,2017-18,Dortmund,1.9,1.0,1,2
143,0,15,2017-18,Werder Bremen,1.0,1.9,2,1
144,1,15,2017-18,Eint Frankfurt,0.6,0.3,0,1
144,0,15,2017-18,Bayern Munich,0.3,0.6,1,0
145,1,15,2017-18,M'Gladbach,1.4,1.0,1,1
145,0,15,2017-18,Schalke 04,1.0,1.4,1,1
146,1,15,2017-18,Köln,1.5,3.3,3,4
146,0,15,2017-18,Freiburg,3.3,1.5,4,3
147,1,15,2017-18,Hannover 96,1.4,0.8,2,0
147,0,15,2017-18,Hoffenheim,0.8,1.4,0,2
148,1,15,2017-18,Augsburg,1.2,0.6,1,1
148,0,15,2017-18,Hertha BSC,0.6,1.2,1,1
150,1,16,2017-18,Wolfsburg,2.4,0.5,1,1
150,0,16,2017-18,RB Leipzig,0.5,2.4,1,1
151,1,16,2017-18,Freiburg,1.7,0.4,1,0
151,0,16,2017-18,M'Gladbach,0.4,1.7,0,1
152,1,16,2017-18,Mainz 05,0.5,2.0,0,2
152,0,16,2017-18,Dortmund,2.0,0.5,2,0
153,1,16,2017-18,Hamburger SV,1.7,1.3,1,2
153,0,16,2017-18,Eint Frankfurt,1.3,1.7,2,1
154,1,16,2017-18,Hoffenheim,1.4,0.7,1,0
154,0,16,2017-18,Stuttgart,0.7,1.4,0,1
155,1,16,2017-18,Schalke 04,3.1,1.8,3,2
155,0,16,2017-18,Augsburg,1.8,3.1,2,3
156,1,16,2017-18,Leverkusen,2.6,0.4,1,0
156,0,16,2017-18,Werder Bremen,0.4,2.6,0,1
157,1,16,2017-18,Bayern Munich,2.7,0.3,1,0
157,0,16,2017-18,Köln,0.3,2.7,0,1
158,1,16,2017-18,Hertha BSC,2.5,2.6,3,1
158,0,16,2017-18,Hannover 96,2.6,2.5,1,3
160,1,17,2017-18,M'Gladbach,2.1,0.8,3,1
160,0,17,2017-18,Hamburger SV,0.8,2.1,1,3
161,1,17,2017-18,Köln,1.8,1.2,1,0
161,0,17,2017-18,Wolfsburg,1.2,1.8,0,1
162,1,17,2017-18,Stuttgart,1.2,2.0,0,1
162,0,17,2017-18,Bayern Munich,2.0,1.2,1,0
163,1,17,2017-18,Augsburg,2.5,1.7,3,3
163,0,17,2017-18,Freiburg,1.7,2.5,3,3
164,1,17,2017-18,Eint Frankfurt,1.6,1.9,2,2
164,0,17,2017-18,Schalke 04,1.9,1.6,2,2
165,1,17,2017-18,Werder Bremen,1.3,1.0,2,2
165,0,17,2017-18,Mainz 05,1.0,1.3,2,2
166,1,17,2017-18,Dortmund,3.1,1.3,2,1
166,0,17,2017-18,Hoffenheim,1.3,3.1,1,2
167,1,17,2017-18,Hannover 96,2.4,2.5,4,4
167,0,17,2017-18,Leverkusen,2.5,2.4,4,4
168,1,17,2017-18,RB Leipzig,2.3,1.2,2,3
168,0,17,2017-18,Hertha BSC,1.2,2.3,3,2
170,1,18,2017-18,Leverkusen,0.7,1.6,1,3
170,0,18,2017-18,Bayern Munich,1.6,0.7,3,1
171,1,18,2017-18,Eint Frankfurt,1.9,0.2,1,1
171,0,18,2017-18,Freiburg,0.2,1.9,1,1
172,1,18,2017-18,Hannover 96,2.8,0.6,3,2
172,0,18,2017-18,Mainz 05,0.6,2.8,2,3
173,1,18,2017-18,Augsburg,1.6,0.6,1,0
173,0,18,2017-18,Hamburger SV,0.6,1.6,0,1
174,1,18,2017-18,Werder Bremen,1.6,1.4,1,1
174,0,18,2017-18,Hoffenheim,1.4,1.6,1,1
175,1,18,2017-18,Stuttgart,0.4,1.0,1,0
175,0,18,2017-18,Hertha BSC,1.0,0.4,0,1
176,1,18,2017-18,RB Leipzig,2.6,0.4,3,1
176,0,18,2017-18,Schalke 04,0.4,2.6,1,3
177,1,18,2017-18,Köln,0.9,2.0,2,1
177,0,18,2017-18,M'Gladbach,2.0,0.9,1,2
178,1,18,2017-18,Dortmund,2.4,1.4,0,0
178,0,18,2017-18,Wolfsburg,1.4,2.4,0,0
180,1,19,2017-18,Hertha BSC,0.6,1.2,1,1
180,0,19,2017-18,Dortmund,1.2,0.6,1,1
181,1,19,2017-18,Wolfsburg,1.4,1.7,1,3
181,0,19,2017-18,Eint Frankfurt,1.7,1.4,3,1
182,1,19,2017-18,Freiburg,0.5,1.0,2,1
182,0,19,2017-18,RB Leipzig,1.0,0.5,1,2
183,1,19,2017-18,Hoffenheim,0.7,2.6,1,4
183,0,19,2017-18,Leverkusen,2.6,0.7,4,1
184,1,19,2017-18,M'Gladbach,1.1,1.0,2,0
184,0,19,2017-18,Augsburg,1.0,1.1,0,2
185,1,19,2017-18,Mainz 05,2.6,1.0,3,2
185,0,19,2017-18,Stuttgart,1.0,2.6,2,3
186,1,19,2017-18,Hamburger SV,1.0,1.2,0,2
186,0,19,2017-18,Köln,1.2,1.0,2,0
187,1,19,2017-18,Bayern Munich,1.8,0.5,4,2
187,0,19,2017-18,Werder Bremen,0.5,1.8,2,4
188,1,19,2017-18,Schalke 04,0.5,0.9,1,1
188,0,19,2017-18,Hannover 96,0.9,0.5,1,1
190,1,20,2017-18,Eint Frankfurt,1.2,1.4,2,0
190,0,20,2017-18,M'Gladbach,1.4,1.2,0,2
191,1,20,2017-18,RB Leipzig,1.2,1.1,1,1
191,0,20,2017-18,Hamburger SV,1.1,1.2,1,1
192,1,20,2017-18,Stuttgart,0.6,2.7,0,2
192,0,20,2017-18,Schalke 04,2.7,0.6,2,0
193,1,20,2017-18,Köln,1.1,0.8,1,1
193,0,20,2017-18,Augsburg,0.8,1.1,1,1
194,1,20,2017-18,Bayern Munich,2.7,1.0,5,2
194,0,20,2017-18,Hoffenheim,1.0,2.7,2,5
195,1,20,2017-18,Dortmund,1.3,0.4,2,2
195,0,20,2017-18,Freiburg,0.4,1.3,2,2
196,1,20,2017-18,Werder Bremen,1.6,1.1,0,0
196,0,20,2017-18,Hertha BSC,1.1,1.6,0,0
197,1,20,2017-18,Leverkusen,1.8,0.1,2,0
197,0,20,2017-18,Mainz 05,0.1,1.8,0,2
198,1,20,2017-18,Hannover 96,1.0,0.4,0,1
198,0,20,2017-18,Wolfsburg,0.4,1.0,1,0
200,1,21,2017-18,Köln,2.4,1.8,2,3
200,0,21,2017-18,Dortmund,1.8,2.4,3,2
201,1,21,2017-18,Hertha BSC,1.0,1.9,1,1
201,0,21,2017-18,Hoffenheim,1.9,1.0,1,1
202,1,21,2017-18,Wolfsburg,1.0,1.5,1,1
202,0,21,2017-18,Stuttgart,1.5,1.0,1,1
203,1,21,2017-18,Mainz 05,1.6,1.8,0,2
203,0,21,2017-18,Bayern Munich,1.8,1.6,2,0
204,1,21,2017-18,Freiburg,1.0,0.7,0,0
204,0,21,2017-18,Leverkusen,0.7,1.0,0,0
205,1,21,2017-18,Schalke 04,1.1,2.0,1,2
205,0,21,2017-18,Werder Bremen,2.0,1.1,2,1
206,1,21,2017-18,M'Gladbach,1.0,1.1,0,1
206,0,21,2017-18,RB Leipzig,1.1,1.0,1,0
207,1,21,2017-18,Augsburg,2.4,0.6,3,0
207,0,21,2017-18,Eint Frankfurt,0.6,2.4,0,3
208,1,21,2017-18,Hamburger SV,1.5,1.4,1,1
208,0,21,2017-18,Hannover 96,1.4,1.5,1,1
210,1,22,2017-18,RB Leipzig,2.2,1.0,2,0
210,0,22,2017-18,Augsburg,1.0,2.2,0,2
211,1,22,2017-18,Hoffenheim,2.5,1.4,4,2
211,0,22,2017-18,Mainz 05,1.4,2.5,2,4
212,1,22,2017-18,Leverkusen,1.0,0.8,0,2
212,0,22,2017-18,Hertha BSC,0.8,1.0,2,0
213,1,22,2017-18,Hannover 96,1.0,1.1,2,1
213,0,22,2017-18,Freiburg,1.1,1.0,1,2
214,1,22,2017-18,Eint Frankfurt,2.2,1.4,4,2
214,0,22,2017-18,Köln,1.4,2.2,2,4
215,1,22,2017-18,Dortmund,2.3,0.6,2,0
215,0,22,2017-18,Hamburger SV,0.6,2.3,0,2
216,1,22,2017-18,Bayern Munich,1.8,0.7,2,1
216,0,22,2017-18,Schalke 04,0.7,1.8,1,2
217,1,22,2017-18,Stuttgart,0.7,0.9,1,0
217,0,22,2017-18,M'Gladbach,0.9,0.7,0,1
218,1,22,2017-18,Werder Bremen,1.0,1.9,3,1
218,0,22,2017-18,Wolfsburg,1.9,1.0,1,3
220,1,23,2017-18,Hertha BSC,0.5,1.6,0,2
220,0,23,2017-18,Mainz 05,1.6,0.5,2,0
221,1,23,2017-18,Köln,0.3,1.6,1,1
221,0,23,2017-18,Hannover 96,1.6,0.3,1,1
222,1,23,2017-18,Freiburg,1.9,0.5,1,0
222,0,23,2017-18,Werder Bremen,0.5,1.9,0,1
223,1,23,2017-18,Wolfsburg,0.3,2.7,1,2
223,0,23,2017-18,Bayern Munich,2.7,0.3,2,1
224,1,23,2017-18,Hamburger SV,1.0,2.2,1,2
224,0,23,2017-18,Leverkusen,2.2,1.0,2,1
225,1,23,2017-18,Schalke 04,1.2,0.5,2,1
225,0,23,2017-18,Hoffenheim,0.5,1.2,1,2
226,1,23,2017-18,Augsburg,0.5,1.6,0,1
226,0,23,2017-18,Stuttgart,1.6,0.5,1,0
227,1,23,2017-18,M'Gladbach,2.4,0.5,0,1
227,0,23,2017-18,Dortmund,0.5,2.4,1,0
228,1,23,2017-18,Eint Frankfurt,1.2,0.6,2,1
228,0,23,2017-18,RB Leipzig,0.6,1.2,1,2
230,1,24,2017-18,Mainz 05,1.0,1.3,1,1
230,0,24,2017-18,Wolfsburg,1.3,1.0,1,1
231,1,24,2017-18,Stuttgart,1.7,0.5,1,0
231,0,24,2017-18,Eint Frankfurt,0.5,1.7,0,1
232,1,24,2017-18,Hannover 96,1.9,1.3,0,1
232,0,24,2017-18,M'Gladbach,1.3,1.9,1,0
233,1,24,2017-18,Hoffenheim,0.6,1.0,1,1
233,0,24,2017-18,Freiburg,1.0,0.6,1,1
234,1,24,2017-18,Bayern Munich,2.4,0.3,0,0
234,0,24,2017-18,Hertha BSC,0.3,2.4,0,0
235,1,24,2017-18,Werder Bremen,0.9,0.6,1,0
235,0,24,2017-18,Hamburger SV,0.6,0.9,0,1
236,1,24,2017-18,Leverkusen,0.3,1.5,0,2
236,0,24,2017-18,Schalke 04,1.5,0.3,2,0
237,1,24,2017-18,RB Leipzig,2.4,1.6,1,2
237,0,24,2017-18,Köln,1.6,2.4,2,1
238,1,24,2017-18,Dortmund,0.7,1.2,1,1
238,0,24,2017-18,Augsburg,1.2,0.7,1,1
240,1,25,2017-18,M'Gladbach,1.7,1.9,2,2
240,0,25,2017-18,Werder Bremen,1.9,1.7,2,2
241,1,25,2017-18,Hamburger SV,1.6,0.5,0,0
241,0,25,2017-18,Mainz 05,0.5,1.6,0,0
242,1,25,2017-18,Schalke 04,0.5,1.6,1,0
242,0,25,2017-18,Hertha BSC,1.6,0.5,0,1
243,1,25,2017-18,Augsburg,0.4,2.1,0,2
243,0,25,2017-18,Hoffenheim,2.1,0.4,2,0
244,1,25,2017-18,Eint Frankfurt,1.8,0.4,1,0
244,0,25,2017-18,Hannover 96,0.4,1.8,0,1
245,1,25,2017-18,Wolfsburg,0.2,1.5,1,2
245,0,25,2017-18,Leverkusen,1.5,0.2,2,1
246,1,25,2017-18,RB Leipzig,0.6,1.8,1,1
246,0,25,2017-18,Dortmund,1.8,0.6,1,1
247,1,25,2017-18,Köln,1.5,0.5,2,3
247,0,25,2017-18,Stuttgart,0.5,1.5,3,2
248,1,25,2017-18,Freiburg,0.5,2.1,0,4
248,0,25,2017-18,Bayern Munich,2.1,0.5,4,0
250,1,26,2017-18,Mainz 05,0.8,0.3,0,1
250,0,26,2017-18,Schalke 04,0.3,0.8,1,0
251,1,26,2017-18,Hoffenheim,1.5,0.5,3,0
251,0,26,2017-18,Wolfsburg,0.5,1.5,0,3
252,1,26,2017-18,Hannover 96,1.0,2.2,1,3
252,0,26,2017-18,Augsburg,2.2,1.0,3,1
253,1,26,2017-18,Hertha BSC,1.3,0.3,0,0
253,0,26,2017-18,Freiburg,0.3,1.3,0,0
254,1,26,2017-18,Bayern Munich,4.2,0.0,6,0
254,0,26,2017-18,Hamburger SV,0.0,4.2,0,6
255,1,26,2017-18,Leverkusen,2.5,0.6,2,0
255,0,26,2017-18,M'Gladbach,0.6,2.5,0,2
256,1,26,2017-18,Stuttgart,1.0,0.7,0,0
256,0,26,2017-18,RB Leipzig,0.7,1.0,0,0
257,1,26,2017-18,Dortmund,1.2,1.3,3,2
257,0,26,2017-18,Eint Frankfurt,1.3,1.2,2,3
258,1,26,2017-18,Werder Bremen,1.4,0.6,3,1
258,0,26,2017-18,Köln,0.6,1.4,1,3
260,1,27,2017-18,Freiburg,0.4,1.5,1,2
260,0,27,2017-18,Stuttgart,1.5,0.4,2,1
261,1,27,2017-18,Hamburger SV,0.9,1.9,1,2
261,0,27,2017-18,Hertha BSC,1.9,0.9,2,1
262,1,27,2017-18,Augsburg,0.6,2.5,1,3
262,0,27,2017-18,Werder Bremen,2.5,0.6,3,1
263,1,27,2017-18,Eint Frankfurt,2.4,0.6,3,0
263,0,27,2017-18,Mainz 05,0.6,2.4,0,3
264,1,27,2017-18,M'Gladbach,3.0,2.2,3,3
264,0,27,2017-18,Hoffenheim,2.2,3.0,3,3
265,1,27,2017-18,Wolfsburg,1.7,1.0,0,1
265,0,27,2017-18,Schalke 04,1.0,1.7,1,0
266,1,27,2017-18,Dortmund,2.6,0.6,1,0
266,0,27,2017-18,Hannover 96,0.6,2.6,0,1
267,1,27,2017-18,Köln,1.4,0.6,2,0
267,0,27,2017-18,Leverkusen,0.6,1.4,0,2
268,1,27,2017-18,RB Leipzig,2.2,1.6,2,1
268,0,27,2017-18,Bayern Munich,1.6,2.2,1,2
270,1,28,2017-18,Schalke 04,2.1,0.2,2,0
270,0,28,2017-18,Freiburg,0.2,2.1,0,2
271,1,28,2017-18,Leverkusen,0.8,0.3,0,0
271,0,28,2017-18,Augsburg,0.3,0.8,0,0
272,1,28,2017-18,Stuttgart,1.1,0.9,1,1
272,0,28,2017-18,Hamburger SV,0.9,1.1,1,1
273,1,28,2017-18,Hannover 96,1.0,3.1,2,3
273,0,28,2017-18,RB Leipzig,3.1,1.0,3,2
274,1,28,2017-18,Hoffenheim,3.1,0.6,6,0
274,0,28,2017-18,Köln,0.6,3.1,0,6
275,1,28,2017-18,Bayern Munich,4.0,0.6,6,0
275,0,28,2017-18,Dortmund,0.6,4.0,0,6
276,1,28,2017-18,Hertha BSC,0.5,0.9,0,0
276,0,28,2017-18,Wolfsburg,0.9,0.5,0,0
277,1,28,2017-18,Werder Bremen,0.9,1.0,2,1
277,0,28,2017-18,Eint Frankfurt,1.0,0.9,1,2
278,1,28,2017-18,Mainz 05,0.7,0.9,0,0
278,0,28,2017-18,M'Gladbach,0.9,0.7,0,0
280,1,29,2017-18,Hannover 96,1.5,1.4,2,1
280,0,29,2017-18,Werder Bremen,1.4,1.5,1,2
281,1,29,2017-18,M'Gladbach,1.4,2.6,2,1
281,0,29,2017-18,Hertha BSC,2.6,1.4,1,2
282,1,29,2017-18,Augsburg,1.2,1.6,1,4
282,0,29,2017-18,Bayern Munich,1.6,1.2,4,1
283,1,29,2017-18,Freiburg,1.4,0.9,0,2
283,0,29,2017-18,Wolfsburg,0.9,1.4,2,0
284,1,29,2017-18,Köln,1.3,1.5,1,1
284,0,29,2017-18,Mainz 05,1.5,1.3,1,1
285,1,29,2017-18,Hamburger SV,1.9,1.2,3,2
285,0,29,2017-18,Schalke 04,1.2,1.9,2,3
286,1,29,2017-18,Dortmund,1.7,0.6,3,0
286,0,29,2017-18,Stuttgart,0.6,1.7,0,3
287,1,29,2017-18,Eint Frankfurt,1.6,1.1,1,1
287,0,29,2017-18,Hoffenheim,1.1,1.6,1,1
288,1,29,2017-18,RB Leipzig,1.6,1.6,1,4
288,0,29,2017-18,Leverkusen,1.6,1.6,4,1
290,1,30,2017-18,Wolfsburg,1.1,0.3,0,0
290,0,30,2017-18,Augsburg,0.3,1.1,0,0
291,1,30,2017-18,Stuttgart,0.9,0.9,1,1
291,0,30,2017-18,Hannover 96,0.9,0.9,1,1
292,1,30,2017-18,Hoffenheim,2.5,0.5,2,0
292,0,30,2017-18,Hamburger SV,0.5,2.5,0,2
293,1,30,2017-18,Leverkusen,2.9,0.9,4,1
293,0,30,2017-18,Eint Frankfurt,0.9,2.9,1,4
294,1,30,2017-18,Hertha BSC,1.7,1.6,2,1
294,0,30,2017-18,Köln,1.6,1.7,1,2
295,1,30,2017-18,Bayern Munich,3.4,0.2,5,1
295,0,30,2017-18,M'Gladbach,0.2,3.4,1,5
296,1,30,2017-18,Schalke 04,0.8,0.8,2,0
296,0,30,2017-18,Dortmund,0.8,0.8,0,2
297,1,30,2017-18,Werder Bremen,1.1,1.2,1,1
297,0,30,2017-18,RB Leipzig,1.2,1.1,1,1
298,1,30,2017-18,Mainz 05,2.4,0.4,2,0
298,0,30,2017-18,Freiburg,0.4,2.4,0,2
300,1,31,2017-18,M'Gladbach,2.1,0.4,3,0
300,0,31,2017-18,Wolfsburg,0.4,2.1,0,3
301,1,31,2017-18,Eint Frankfurt,1.4,1.4,0,3
301,0,31,2017-18,Hertha BSC,1.4,1.4,3,0
302,1,31,2017-18,RB Leipzig,1.9,3.0,2,5
302,0,31,2017-18,Hoffenheim,3.0,1.9,5,2
303,1,31,2017-18,Stuttgart,1.4,0.6,2,0
303,0,31,2017-18,Werder Bremen,0.6,1.4,0,2
304,1,31,2017-18,Hannover 96,0.5,1.3,0,3
304,0,31,2017-18,Bayern Munich,1.3,0.5,3,0
305,1,31,2017-18,Hamburger SV,1.5,1.0,1,0
305,0,31,2017-18,Freiburg,1.0,1.5,0,1
306,1,31,2017-18,Dortmund,3.2,0.5,4,0
306,0,31,2017-18,Leverkusen,0.5,3.2,0,4
307,1,31,2017-18,Augsburg,1.8,0.3,2,0
307,0,31,2017-18,Mainz 05,0.3,1.8,0,2
308,1,31,2017-18,Köln,0.9,2.2,2,2
308,0,31,2017-18,Schalke 04,2.2,0.9,2,2
310,1,32,2017-18,Hoffenheim,1.8,1.4,3,1
310,0,32,2017-18,Hannover 96,1.4,1.8,1,3
311,1,32,2017-18,Hertha BSC,1.5,1.0,2,2
311,0,32,2017-18,Augsburg,1.0,1.5,2,2
312,1,32,2017-18,Schalke 04,1.3,1.9,1,1
312,0,32,2017-18,M'Gladbach,1.9,1.3,1,1
313,1,32,2017-18,Bayern Munich,2.2,1.3,4,1
313,0,32,2017-18,Eint Frankfurt,1.3,2.2,1,4
314,1,32,2017-18,Wolfsburg,1.0,2.5,1,3
314,0,32,2017-18,Hamburger SV,2.5,1.0,3,1
315,1,32,2017-18,Freiburg,4.1,1.4,3,2
315,0,32,2017-18,Köln,1.4,4.1,2,3
316,1,32,2017-18,Leverkusen,2.9,0.2,0,1
316,0,32,2017-18,Stuttgart,0.2,2.9,1,0
317,1,32,2017-18,Mainz 05,2.0,1.4,3,0
317,0,32,2017-18,RB Leipzig,1.4,2.0,0,3
318,1,32,2017-18,Werder Bremen,1.1,2.7,1,1
318,0,32,2017-18,Dortmund,2.7,1.1,1,1
320,1,33,2017-18,Augsburg,1.0,2.0,1,2
320,0,33,2017-18,Schalke 04,2.0,1.0,2,1
321,1,33,2017-18,Stuttgart,1.0,2.6,2,0
321,0,33,2017-18,Hoffenheim,2.6,1.0,0,2
322,1,33,2017-18,Werder Bremen,0.2,1.0,0,0
322,0,33,2017-18,Leverkusen,1.0,0.2,0,0
323,1,33,2017-18,RB Leipzig,1.8,0.7,4,1
323,0,33,2017-18,Wolfsburg,0.7,1.8,1,4
324,1,33,2017-18,Eint Frankfurt,1.2,0.9,3,0
324,0,33,2017-18,Hamburger SV,0.9,1.2,0,3
325,1,33,2017-18,M'Gladbach,2.2,2.1,3,1
325,0,33,2017-18,Freiburg,2.1,2.2,1,3
326,1,33,2017-18,Köln,1.7,2.4,1,3
326,0,33,2017-18,Bayern Munich,2.4,1.7,3,1
327,1,33,2017-18,Dortmund,0.9,1.1,1,2
327,0,33,2017-18,Mainz 05,1.1,0.9,2,1
328,1,33,2017-18,Hannover 96,1.4,0.9,3,1
328,0,33,2017-18,Hertha BSC,0.9,1.4,1,3
330,1,34,2017-18,Schalke 04,1.1,0.6,1,0
330,0,34,2017-18,Eint Frankfurt,0.6,1.1,0,1
331,1,34,2017-18,Leverkusen,4.7,2.1,3,2
331,0,34,2017-18,Hannover 96,2.1,4.7,2,3
332,1,34,2017-18,Mainz 05,1.0,1.0,1,2
332,0,34,2017-18,Werder Bremen,1.0,1.0,2,1
333,1,34,2017-18,Wolfsburg,3.2,0.8,4,1
333,0,34,2017-18,Köln,0.8,3.2,1,4
334,1,34,2017-18,Hertha BSC,1.0,1.4,2,6
334,0,34,2017-18,RB Leipzig,1.4,1.0,6,2
335,1,34,2017-18,Bayern Munich,2.5,2.6,1,4
335,0,34,2017-18,Stuttgart,2.6,2.5,4,1
336,1,34,2017-18,Freiburg,0.9,0.1,2,0
336,0,34,2017-18,Augsburg,0.1,0.9,0,2
337,1,34,2017-18,Hamburger SV,2.3,1.1,2,1
337,0,34,2017-18,M'Gladbach,1.1,2.3,1,2
338,1,34,2017-18,Hoffenheim,1.4,1.3,3,1
338,0,34,2017-18,Dortmund,1.3,1.4,1,3
0,1,1,2018-19,Bayern Munich,2.8,0.9,3,1
0,0,1,2018-19,Hoffenheim,0.9,2.8,1,3
1,1,1,2018-19,Düsseldorf,1.3,1.3,1,2
1,0,1,2018-19,Augsburg,1.3,1.3,2,1
2,1,1,2018-19,Hertha BSC,1.4,1.3,1,0
2,0,1,2018-19,Nürnberg,1.3,1.4,0,1
3,1,1,2018-19,Wolfsburg,1.3,1.4,2,1
3,0,1,2018-19,Schalke 04,1.4,1.3,1,2
4,1,1,2018-19,Werder Bremen,1.8,1.0,1,1
4,0,1,2018-19,Hannover 96,1.0,1.8,1,1
5,1,1,2018-19,Freiburg,2.0,0.9,0,2
5,0,1,2018-19,Eint Frankfurt,0.9,2.0,2,0
6,1,1,2018-19,M'Gladbach,4.1,1.4,2,0
6,0,1,2018-19,Leverkusen,1.4,4.1,0,2
7,1,1,2018-19,Mainz 05,1.1,1.0,1,0
7,0,1,2018-19,Stuttgart,1.0,1.1,0,1
8,1,1,2018-19,Dortmund,1.0,1.6,4,1
8,0,1,2018-19,RB Leipzig,1.6,1.0,1,4
10,1,2,2018-19,Hannover 96,0.8,0.7,0,0
10,0,2,2018-19,Dortmund,0.7,0.8,0,0
11,1,2,2018-19,Eint Frankfurt,1.2,1.7,1,2
11,0,2,2018-19,Werder Bremen,1.7,1.2,2,1
12,1,2,2018-19,Leverkusen,1.5,1.2,1,3
12,0,2,2018-19,Wolfsburg,1.2,1.5,3,1
13,1,2,2018-19,Augsburg,1.1,1.1,1,1
13,0,2,2018-19,M'Gladbach,1.1,1.1,1,1
14,1,2,2018-19,Nürnberg,1.2,0.4,1,1
14,0,2,2018-19,Mainz 05,0.4,1.2,1,1
15,1,2,2018-19,Hoffenheim,3.5,2.7,3,1
15,0,2,2018-19,Freiburg,2.7,3.5,1,3
16,1,2,2018-19,Stuttgart,0.2,1.8,0,3
16,0,2,2018-19,Bayern Munich,1.8,0.2,3,0
17,1,2,2018-19,RB Leipzig,1.8,1.2,1,1
17,0,2,2018-19,Düsseldorf,1.2,1.8,1,1
18,1,2,2018-19,Schalke 04,1.8,0.6,0,2
18,0,2,2018-19,Hertha BSC,0.6,1.8,2,0
20,1,3,2018-19,Dortmund,0.9,0.3,3,1
20,0,3,2018-19,Eint Frankfurt,0.3,0.9,1,3
21,1,3,2018-19,Düsseldorf,1.5,2.3,2,1
21,0,3,2018-19,Hoffenheim,2.3,1.5,1,2
22,1,3,2018-19,Mainz 05,2.8,0.7,2,1
22,0,3,2018-19,Augsburg,0.7,2.8,1,2
23,1,3,2018-19,Bayern Munich,1.3,0.8,3,1
23,0,3,2018-19,Leverkusen,0.8,1.3,1,3
24,1,3,2018-19,Wolfsburg,2.0,0.8,2,2
24,0,3,2018-19,Hertha BSC,0.8,2.0,2,2
25,1,3,2018-19,RB Leipzig,2.3,1.2,3,2
25,0,3,2018-19,Hannover 96,1.2,2.3,2,3
26,1,3,2018-19,M'Gladbach,1.3,1.6,2,1
26,0,3,2018-19,Schalke 04,1.6,1.3,1,2
27,1,3,2018-19,Werder Bremen,0.7,1.0,1,1
27,0,3,2018-19,Nürnberg,1.0,0.7,1,1
28,1,3,2018-19,Freiburg,1.1,1.0,3,3
28,0,3,2018-19,Stuttgart,1.0,1.1,3,3
30,1,4,2018-19,Stuttgart,1.4,0.9,0,0
30,0,4,2018-19,Düsseldorf,0.9,1.4,0,0
31,1,4,2018-19,Augsburg,2.2,1.5,2,3
31,0,4,2018-19,Werder Bremen,1.5,2.2,3,2
32,1,4,2018-19,Hertha BSC,2.8,2.2,4,2
32,0,4,2018-19,M'Gladbach,2.2,2.8,2,4
33,1,4,2018-19,Wolfsburg,0.7,2.0,1,3
33,0,4,2018-19,Freiburg,2.0,0.7,3,1
34,1,4,2018-19,Hoffenheim,2.1,1.3,1,1
34,0,4,2018-19,Dortmund,1.3,2.1,1,1
35,1,4,2018-19,Nürnberg,1.2,0.7,2,0
35,0,4,2018-19,Hannover 96,0.7,1.2,0,2
36,1,4,2018-19,Schalke 04,0.4,2.4,0,2
36,0,4,2018-19,Bayern Munich,2.4,0.4,2,0
37,1,4,2018-19,Leverkusen,1.3,0.8,1,0
37,0,4,2018-19,Mainz 05,0.8,1.3,0,1
38,1,4,2018-19,Eint Frankfurt,1.6,1.5,1,1
38,0,4,2018-19,RB Leipzig,1.5,1.6,1,1
40,1,5,2018-19,Werder Bremen,2.5,1.0,3,1
40,0,5,2018-19,Hertha BSC,1.0,2.5,1,3
41,1,5,2018-19,Freiburg,1.5,0.8,1,0
41,0,5,2018-19,Schalke 04,0.8,1.5,0,1
42,1,5,2018-19,Bayern Munich,1.7,1.3,1,1
42,0,5,2018-19,Augsburg,1.3,1.7,1,1
43,1,5,2018-19,Hannover 96,1.7,1.9,1,3
43,0,5,2018-19,Hoffenheim,1.9,1.7,3,1
44,1,5,2018-19,Düsseldorf,2.2,1.7,1,2
44,0,5,2018-19,Leverkusen,1.7,2.2,2,1
45,1,5,2018-19,M'Gladbach,1.6,1.3,3,1
45,0,5,2018-19,Eint Frankfurt,1.3,1.6,1,3
46,1,5,2018-19,Mainz 05,0.4,1.0,0,0
46,0,5,2018-19,Wolfsburg,1.0,0.4,0,0
47,1,5,2018-19,Dortmund,2.1,0.1,7,0
47,0,5,2018-19,Nürnberg,0.1,2.1,0,7
48,1,5,2018-19,RB Leipzig,3.2,0.7,2,0
48,0,5,2018-19,Stuttgart,0.7,3.2,0,2
50,1,6,2018-19,Hertha BSC,1.1,1.8,2,0
50,0,6,2018-19,Bayern Munich,1.8,1.1,0,2
51,1,6,2018-19,Schalke 04,1.0,0.9,1,0
51,0,6,2018-19,Mainz 05,0.9,1.0,0,1
52,1,6,2018-19,Stuttgart,2.3,1.5,2,1
52,0,6,2018-19,Werder Bremen,1.5,2.3,1,2
53,1,6,2018-19,Hoffenheim,1.8,1.6,1,2
53,0,6,2018-19,RB Leipzig,1.6,1.8,2,1
54,1,6,2018-19,Wolfsburg,1.3,0.7,2,2
54,0,6,2018-19,M'Gladbach,0.7,1.3,2,2
55,1,6,2018-19,Nürnberg,2.2,1.1,3,0
55,0,6,2018-19,Düsseldorf,1.1,2.2,0,3
56,1,6,2018-19,Leverkusen,1.1,2.7,2,4
56,0,6,2018-19,Dortmund,2.7,1.1,4,2
57,1,6,2018-19,Eint Frankfurt,2.1,0.4,4,1
57,0,6,2018-19,Hannover 96,0.4,2.1,1,4
58,1,6,2018-19,Augsburg,3.8,1.5,4,1
58,0,6,2018-19,Freiburg,1.5,3.8,1,4
60,1,7,2018-19,Werder Bremen,1.0,0.4,2,0
60,0,7,2018-19,Wolfsburg,0.4,1.0,0,2
61,1,7,2018-19,Düsseldorf,0.6,1.6,0,2
61,0,7,2018-19,Schalke 04,1.6,0.6,2,0
62,1,7,2018-19,Dortmund,1.9,2.2,4,3
62,0,7,2018-19,Augsburg,2.2,1.9,3,4
63,1,7,2018-19,Mainz 05,2.1,1.5,0,0
63,0,7,2018-19,Hertha BSC,1.5,2.1,0,0
64,1,7,2018-19,Hannover 96,1.7,0.9,3,1
64,0,7,2018-19,Stuttgart,0.9,1.7,1,3
65,1,7,2018-19,Bayern Munich,1.6,0.5,0,3
65,0,7,2018-19,M'Gladbach,0.5,1.6,3,0
66,1,7,2018-19,Freiburg,0.3,1.1,0,0
66,0,7,2018-19,Leverkusen,1.1,0.3,0,0
67,1,7,2018-19,Hoffenheim,2.2,1.0,1,2
67,0,7,2018-19,Eint Frankfurt,1.0,2.2,2,1
68,1,7,2018-19,RB Leipzig,2.1,0.2,6,0
68,0,7,2018-19,Nürnberg,0.2,2.1,0,6
70,1,8,2018-19,Eint Frankfurt,3.7,1.0,7,1
70,0,8,2018-19,Düsseldorf,1.0,3.7,1,7
71,1,8,2018-19,Augsburg,0.2,0.9,0,0
71,0,8,2018-19,RB Leipzig,0.9,0.2,0,0
72,1,8,2018-19,Stuttgart,1.0,1.2,0,4
72,0,8,2018-19,Dortmund,1.2,1.0,4,0
73,1,8,2018-19,Wolfsburg,1.4,2.7,1,3
73,0,8,2018-19,Bayern Munich,2.7,1.4,3,1
74,1,8,2018-19,Leverkusen,2.2,0.6,2,2
74,0,8,2018-19,Hannover 96,0.6,2.2,2,2
75,1,8,2018-19,Nürnberg,1.3,2.2,1,3
75,0,8,2018-19,Hoffenheim,2.2,1.3,3,1
76,1,8,2018-19,Schalke 04,1.4,0.4,0,2
76,0,8,2018-19,Werder Bremen,0.4,1.4,2,0
77,1,8,2018-19,Hertha BSC,1.1,0.7,1,1
77,0,8,2018-19,Freiburg,0.7,1.1,1,1
78,1,8,2018-19,M'Gladbach,2.6,1.2,4,0
78,0,8,2018-19,Mainz 05,1.2,2.6,0,4
80,1,9,2018-19,Freiburg,1.5,1.2,3,1
80,0,9,2018-19,M'Gladbach,1.2,1.5,1,3
81,1,9,2018-19,Mainz 05,0.3,2.2,1,2
81,0,9,2018-19,Bayern Munich,2.2,0.3,2,1
82,1,9,2018-19,Hannover 96,0.8,1.6,1,2
82,0,9,2018-19,Augsburg,1.6,0.8,2,1
83,1,9,2018-19,Düsseldorf,0.6,2.0,0,3
83,0,9,2018-19,Wolfsburg,2.0,0.6,3,0
84,1,9,2018-19,Dortmund,3.7,2.1,2,2
84,0,9,2018-19,Hertha BSC,2.1,3.7,2,2
85,1,9,2018-19,Hoffenheim,2.9,0.5,4,0
85,0,9,2018-19,Stuttgart,0.5,2.9,0,4
86,1,9,2018-19,Nürnberg,1.0,1.6,1,1
86,0,9,2018-19,Eint Frankfurt,1.6,1.0,1,1
87,1,9,2018-19,RB Leipzig,0.7,0.5,0,0
87,0,9,2018-19,Schalke 04,0.5,0.7,0,0
88,1,9,2018-19,Werder Bremen,1.9,3.9,2,6
88,0,9,2018-19,Leverkusen,3.9,1.9,6,2
90,1,10,2018-19,Stuttgart,1.0,3.1,0,3
90,0,10,2018-19,Eint Frankfurt,3.1,1.0,3,0
91,1,10,2018-19,Bayern Munich,2.0,0.3,1,1
91,0,10,2018-19,Freiburg,0.3,2.0,1,1
92,1,10,2018-19,Augsburg,1.6,1.4,2,2
92,0,10,2018-19,Nürnberg,1.4,1.6,2,2
93,1,10,2018-19,Leverkusen,1.6,1.6,1,4
93,0,10,2018-19,Hoffenheim,1.6,1.6,4,1
94,1,10,2018-19,Wolfsburg,0.6,1.4,0,1
94,0,10,2018-19,Dortmund,1.4,0.6,1,0
95,1,10,2018-19,Schalke 04,2.8,1.9,3,1
95,0,10,2018-19,Hannover 96,1.9,2.8,1,3
96,1,10,2018-19,Hertha BSC,1.4,3.7,0,3
96,0,10,2018-19,RB Leipzig,3.7,1.4,3,0
97,1,10,2018-19,M'Gladbach,3.5,0.8,3,0
97,0,10,2018-19,Düsseldorf,0.8,3.5,0,3
98,1,10,2018-19,Mainz 05,0.8,1.6,2,1
98,0,10,2018-19,Werder Bremen,1.6,0.8,1,2
100,1,11,2018-19,Hannover 96,2.1,3.2,2,1
100,0,11,2018-19,Wolfsburg,3.2,2.1,1,2
101,1,11,2018-19,Freiburg,1.3,0.9,1,3
101,0,11,2018-19,Mainz 05,0.9,1.3,3,1
102,1,11,2018-19,Hoffenheim,2.3,1.3,2,1
102,0,11,2018-19,Augsburg,1.3,2.3,1,2
103,1,11,2018-19,Werder Bremen,1.4,2.0,1,3
103,0,11,2018-19,M'Gladbach,2.0,1.4,3,1
104,1,11,2018-19,Düsseldorf,2.7,0.8,4,1
104,0,11,2018-19,Hertha BSC,0.8,2.7,1,4
105,1,11,2018-19,Nürnberg,0.5,1.5,0,2
105,0,11,2018-19,Stuttgart,1.5,0.5,2,0
106,1,11,2018-19,Dortmund,2.5,2.1,3,2
106,0,11,2018-19,Bayern Munich,2.1,2.5,2,3
107,1,11,2018-19,RB Leipzig,2.2,0.4,3,0
107,0,11,2018-19,Leverkusen,0.4,2.2,0,3
108,1,11,2018-19,Eint Frankfurt,1.7,0.8,3,0
108,0,11,2018-19,Schalke 04,0.8,1.7,0,3
110,1,12,2018-19,Leverkusen,2.9,0.6,2,0
110,0,12,2018-19,Stuttgart,0.6,2.9,0,2
111,1,12,2018-19,Mainz 05,1.0,1.2,1,2
111,0,12,2018-19,Dortmund,1.2,1.0,2,1
112,1,12,2018-19,Wolfsburg,1.7,0.5,1,0
112,0,12,2018-19,RB Leipzig,0.5,1.7,0,1
113,1,12,2018-19,Bayern Munich,2.6,1.5,3,3
113,0,12,2018-19,Düsseldorf,1.5,2.6,3,3
114,1,12,2018-19,Augsburg,2.2,3.5,1,3
114,0,12,2018-19,Eint Frankfurt,3.5,2.2,3,1
115,1,12,2018-19,Hertha BSC,3.3,1.5,3,3
115,0,12,2018-19,Hoffenheim,1.5,3.3,3,3
116,1,12,2018-19,Schalke 04,2.7,2.1,5,2
116,0,12,2018-19,Nürnberg,2.1,2.7,2,5
117,1,12,2018-19,Freiburg,2.8,2.3,1,1
117,0,12,2018-19,Werder Bremen,2.3,2.8,1,1
118,1,12,2018-19,M'Gladbach,1.8,0.5,4,1
118,0,12,2018-19,Hannover 96,0.5,1.8,1,4
120,1,13,2018-19,Düsseldorf,1.6,0.9,0,1
120,0,13,2018-19,Mainz 05,0.9,1.6,1,0
121,1,13,2018-19,Stuttgart,0.6,1.1,1,0
121,0,13,2018-19,Augsburg,1.1,0.6,0,1
122,1,13,2018-19,Werder Bremen,0.5,2.4,1,2
122,0,13,2018-19,Bayern Munich,2.4,0.5,2,1
123,1,13,2018-19,Dortmund,2.5,0.1,2,0
123,0,13,2018-19,Freiburg,0.1,2.5,0,2
124,1,13,2018-19,Hannover 96,1.1,1.3,0,2
124,0,13,2018-19,Hertha BSC,1.3,1.1,2,0
125,1,13,2018-19,Hoffenheim,2.1,2.2,1,1
125,0,13,2018-19,Schalke 04,2.2,2.1,1,1
126,1,13,2018-19,RB Leipzig,2.1,0.6,2,0
126,0,13,2018-19,M'Gladbach,0.6,2.1,0,2
127,1,13,2018-19,Eint Frankfurt,1.7,1.1,1,2
127,0,13,2018-19,Wolfsburg,1.1,1.7,2,1
128,1,13,2018-19,Nürnberg,0.7,1.6,1,1
128,0,13,2018-19,Leverkusen,1.6,0.7,1,1
130,1,14,2018-19,Werder Bremen,1.9,1.2,3,1
130,0,14,2018-19,Düsseldorf,1.2,1.9,1,3
131,1,14,2018-19,Wolfsburg,0.5,2.0,2,2
131,0,14,2018-19,Hoffenheim,2.0,0.5,2,2
132,1,14,2018-19,Bayern Munich,2.1,0.2,3,0
132,0,14,2018-19,Nürnberg,0.2,2.1,0,3
133,1,14,2018-19,Schalke 04,1.4,1.5,1,2
133,0,14,2018-19,Dortmund,1.5,1.4,2,1
134,1,14,2018-19,Leverkusen,1.7,0.8,1,0
134,0,14,2018-19,Augsburg,0.8,1.7,0,1
135,1,14,2018-19,Freiburg,2.0,1.0,3,0
135,0,14,2018-19,RB Leipzig,1.0,2.0,0,3
136,1,14,2018-19,Hertha BSC,0.4,1.4,1,0
136,0,14,2018-19,Eint Frankfurt,1.4,0.4,0,1
137,1,14,2018-19,Mainz 05,2.8,1.4,1,1
137,0,14,2018-19,Hannover 96,1.4,2.8,1,1
138,1,14,2018-19,M'Gladbach,1.2,0.9,3,0
138,0,14,2018-19,Stuttgart,0.9,1.2,0,3
140,1,15,2018-19,Nürnberg,0.8,0.8,0,2
140,0,15,2018-19,Wolfsburg,0.8,0.8,2,0
141,1,15,2018-19,Hoffenheim,2.8,0.5,0,0
141,0,15,2018-19,M'Gladbach,0.5,2.8,0,0
142,1,15,2018-19,Augsburg,1.9,0.6,1,1
142,0,15,2018-19,Schalke 04,0.6,1.9,1,1
143,1,15,2018-19,Stuttgart,1.0,1.1,2,1
143,0,15,2018-19,Hertha BSC,1.1,1.0,1,2
144,1,15,2018-19,Hannover 96,0.1,3.4,0,4
144,0,15,2018-19,Bayern Munich,3.4,0.1,4,0
145,1,15,2018-19,Düsseldorf,2.1,0.9,2,0
145,0,15,2018-19,Freiburg,0.9,2.1,0,2
146,1,15,2018-19,Dortmund,2.3,0.4,2,1
146,0,15,2018-19,Werder Bremen,0.4,2.3,1,2
147,1,15,2018-19,RB Leipzig,3.2,1.0,4,1
147,0,15,2018-19,Mainz 05,1.0,3.2,1,4
148,1,15,2018-19,Eint Frankfurt,3.5,1.1,2,1
148,0,15,2018-19,Leverkusen,1.1,3.5,1,2
150,1,16,2018-19,M'Gladbach,2.7,0.9,2,0
150,0,16,2018-19,Nürnberg,0.9,2.7,0,2
151,1,16,2018-19,Hertha BSC,2.0,0.6,2,2
151,0,16,2018-19,Augsburg,0.6,2.0,2,2
152,1,16,2018-19,Düsseldorf,1.6,0.9,2,1
152,0,16,2018-19,Dortmund,0.9,1.6,1,2
153,1,16,2018-19,Wolfsburg,1.2,0.6,2,0
153,0,16,2018-19,Stuttgart,0.6,1.2,0,2
154,1,16,2018-19,Schalke 04,1.8,0.5,1,2
154,0,16,2018-19,Leverkusen,0.5,1.8,2,1
155,1,16,2018-19,Freiburg,1.9,1.7,1,1
155,0,16,2018-19,Hannover 96,1.7,1.9,1,1
156,1,16,2018-19,Werder Bremen,2.5,1.5,1,1
156,0,16,2018-19,Hoffenheim,1.5,2.5,1,1
157,1,16,2018-19,Mainz 05,1.5,1.1,2,2
157,0,16,2018-19,Eint Frankfurt,1.1,1.5,2,2
158,1,16,2018-19,Bayern Munich,1.8,0.4,1,0
158,0,16,2018-19,RB Leipzig,0.4,1.8,0,1
160,1,17,2018-19,Dortmund,1.7,0.6,2,1
160,0,17,2018-19,M'Gladbach,0.6,1.7,1,2
161,1,17,2018-19,RB Leipzig,1.9,2.0,3,2
161,0,17,2018-19,Werder Bremen,2.0,1.9,2,3
162,1,17,2018-19,Leverkusen,2.5,1.6,3,1
162,0,17,2018-19,Hertha BSC,1.6,2.5,1,3
163,1,17,2018-19,Nürnberg,0.7,0.4,0,1
163,0,17,2018-19,Freiburg,0.4,0.7,1,0
164,1,17,2018-19,Stuttgart,1.6,2.2,1,3
164,0,17,2018-19,Schalke 04,2.2,1.6,3,1
165,1,17,2018-19,Hannover 96,0.5,0.9,0,1
165,0,17,2018-19,Düsseldorf,0.9,0.5,1,0
166,1,17,2018-19,Eint Frankfurt,1.1,1.9,0,3
166,0,17,2018-19,Bayern Munich,1.9,1.1,3,0
167,1,17,2018-19,Augsburg,0.9,2.1,2,3
167,0,17,2018-19,Wolfsburg,2.1,0.9,3,2
168,1,17,2018-19,Hoffenheim,3.1,1.3,1,1
168,0,17,2018-19,Mainz 05,1.3,3.1,1,1
170,1,18,2018-19,Hoffenheim,1.0,2.7,1,3
170,0,18,2018-19,Bayern Munich,2.7,1.0,3,1
171,1,18,2018-19,Hannover 96,0.9,2.7,0,1
171,0,18,2018-19,Werder Bremen,2.7,0.9,1,0
172,1,18,2018-19,Leverkusen,1.8,0.7,0,1
172,0,18,2018-19,M'Gladbach,0.7,1.8,1,0
173,1,18,2018-19,Eint Frankfurt,2.7,1.6,3,1
173,0,18,2018-19,Freiburg,1.6,2.7,1,3
174,1,18,2018-19,Stuttgart,2.8,1.7,2,3
174,0,18,2018-19,Mainz 05,1.7,2.8,3,2
175,1,18,2018-19,Augsburg,0.8,1.1,1,2
175,0,18,2018-19,Düsseldorf,1.1,0.8,2,1
176,1,18,2018-19,RB Leipzig,1.3,1.0,0,1
176,0,18,2018-19,Dortmund,1.0,1.3,1,0
177,1,18,2018-19,Nürnberg,1.0,2.3,1,3
177,0,18,2018-19,Hertha BSC,2.3,1.0,3,1
178,1,18,2018-19,Schalke 04,2.5,1.4,2,1
178,0,18,2018-19,Wolfsburg,1.4,2.5,1,2
180,1,19,2018-19,Hertha BSC,0.9,1.0,2,2
180,0,19,2018-19,Schalke 04,1.0,0.9,2,2
181,1,19,2018-19,Mainz 05,3.0,0.5,2,1
181,0,19,2018-19,Nürnberg,0.5,3.0,1,2
182,1,19,2018-19,Dortmund,2.2,0.8,5,1
182,0,19,2018-19,Hannover 96,0.8,2.2,1,5
183,1,19,2018-19,Freiburg,2.0,2.5,2,4
183,0,19,2018-19,Hoffenheim,2.5,2.0,4,2
184,1,19,2018-19,Wolfsburg,0.7,3.1,0,3
184,0,19,2018-19,Leverkusen,3.1,0.7,3,0
185,1,19,2018-19,M'Gladbach,1.9,0.6,2,0
185,0,19,2018-19,Augsburg,0.6,1.9,0,2
186,1,19,2018-19,Werder Bremen,3.5,1.6,2,2
186,0,19,2018-19,Eint Frankfurt,1.6,3.5,2,2
187,1,19,2018-19,Bayern Munich,2.2,0.9,4,1
187,0,19,2018-19,Stuttgart,0.9,2.2,1,4
188,1,19,2018-19,Düsseldorf,0.3,2.4,0,4
188,0,19,2018-19,RB Leipzig,2.4,0.3,4,0
190,1,20,2018-19,Hannover 96,0.1,3.0,0,3
190,0,20,2018-19,RB Leipzig,3.0,0.1,3,0
191,1,20,2018-19,Hoffenheim,1.8,0.9,1,1
191,0,20,2018-19,Düsseldorf,0.9,1.8,1,1
192,1,20,2018-19,Hertha BSC,1.4,1.2,0,1
192,0,20,2018-19,Wolfsburg,1.2,1.4,1,0
193,1,20,2018-19,Eint Frankfurt,1.0,1.5,1,1
193,0,20,2018-19,Dortmund,1.5,1.0,1,1
194,1,20,2018-19,Leverkusen,1.7,1.6,3,1
194,0,20,2018-19,Bayern Munich,1.6,1.7,1,3
195,1,20,2018-19,Nürnberg,1.3,0.9,1,1
195,0,20,2018-19,Werder Bremen,0.9,1.3,1,1
196,1,20,2018-19,Schalke 04,0.4,1.6,0,2
196,0,20,2018-19,M'Gladbach,1.6,0.4,2,0
197,1,20,2018-19,Augsburg,3.3,0.3,3,0
197,0,20,2018-19,Mainz 05,0.3,3.3,0,3
198,1,20,2018-19,Stuttgart,1.3,2.1,2,2
198,0,20,2018-19,Freiburg,2.1,1.3,2,2
200,1,21,2018-19,Mainz 05,1.7,2.7,1,5
200,0,21,2018-19,Leverkusen,2.7,1.7,5,1
201,1,21,2018-19,Hannover 96,1.7,1.1,2,0
201,0,21,2018-19,Nürnberg,1.1,1.7,0,2
202,1,21,2018-19,Freiburg,1.0,1.7,3,3
202,0,21,2018-19,Wolfsburg,1.7,1.0,3,3
203,1,21,2018-19,Dortmund,2.5,1.3,3,3
203,0,21,2018-19,Hoffenheim,1.3,2.5,3,3
204,1,21,2018-19,RB Leipzig,1.7,0.4,0,0
204,0,21,2018-19,Eint Frankfurt,0.4,1.7,0,0
205,1,21,2018-19,M'Gladbach,1.1,1.6,0,3
205,0,21,2018-19,Hertha BSC,1.6,1.1,3,0
206,1,21,2018-19,Bayern Munich,2.2,0.8,3,1
206,0,21,2018-19,Schalke 04,0.8,2.2,1,3
207,1,21,2018-19,Werder Bremen,1.2,1.2,4,0
207,0,21,2018-19,Augsburg,1.2,1.2,0,4
208,1,21,2018-19,Düsseldorf,1.9,1.2,3,0
208,0,21,2018-19,Stuttgart,1.2,1.9,0,3
210,1,22,2018-19,Augsburg,0.4,1.8,2,3
210,0,22,2018-19,Bayern Munich,1.8,0.4,3,2
211,1,22,2018-19,Stuttgart,1.2,1.2,1,3
211,0,22,2018-19,RB Leipzig,1.2,1.2,3,1
212,1,22,2018-19,Wolfsburg,2.0,0.8,3,0
212,0,22,2018-19,Mainz 05,0.8,2.0,0,3
213,1,22,2018-19,Schalke 04,0.5,1.0,0,0
213,0,22,2018-19,Freiburg,1.0,0.5,0,0
214,1,22,2018-19,Hoffenheim,3.4,0.4,3,0
214,0,22,2018-19,Hannover 96,0.4,3.4,0,3
215,1,22,2018-19,Hertha BSC,1.1,0.5,1,1
215,0,22,2018-19,Werder Bremen,0.5,1.1,1,1
216,1,22,2018-19,Eint Frankfurt,1.0,1.2,1,1
216,0,22,2018-19,M'Gladbach,1.2,1.0,1,1
217,1,22,2018-19,Leverkusen,1.8,0.2,2,0
217,0,22,2018-19,Düsseldorf,0.2,1.8,0,2
218,1,22,2018-19,Nürnberg,0.3,1.4,0,0
218,0,22,2018-19,Dortmund,1.4,0.3,0,0
220,1,23,2018-19,Werder Bremen,1.0,0.9,1,1
220,0,23,2018-19,Stuttgart,0.9,1.0,1,1
221,1,23,2018-19,Mainz 05,2.8,0.8,3,0
221,0,23,2018-19,Schalke 04,0.8,2.8,0,3
222,1,23,2018-19,Bayern Munich,0.7,0.4,1,0
222,0,23,2018-19,Hertha BSC,0.4,0.7,0,1
223,1,23,2018-19,M'Gladbach,1.2,0.9,0,3
223,0,23,2018-19,Wolfsburg,0.9,1.2,3,0
224,1,23,2018-19,Freiburg,2.1,1.3,5,1
224,0,23,2018-19,Augsburg,1.3,2.1,1,5
225,1,23,2018-19,Düsseldorf,1.6,0.1,2,1
225,0,23,2018-19,Nürnberg,0.1,1.6,1,2
226,1,23,2018-19,Hannover 96,0.5,1.9,0,3
226,0,23,2018-19,Eint Frankfurt,1.9,0.5,3,0
227,1,23,2018-19,Dortmund,1.2,0.9,3,2
227,0,23,2018-19,Leverkusen,0.9,1.2,2,3
228,1,23,2018-19,RB Leipzig,1.3,1.2,1,1
228,0,23,2018-19,Hoffenheim,1.2,1.3,1,1
230,1,24,2018-19,Augsburg,0.9,2.2,2,1
230,0,24,2018-19,Dortmund,2.2,0.9,1,2
231,1,24,2018-19,Leverkusen,2.2,0.3,2,0
231,0,24,2018-19,Freiburg,0.3,2.2,0,2
232,1,24,2018-19,Eint Frankfurt,1.6,2.0,3,2
232,0,24,2018-19,Hoffenheim,2.0,1.6,2,3
233,1,24,2018-19,Hertha BSC,1.4,0.6,2,1
233,0,24,2018-19,Mainz 05,0.6,1.4,1,2
234,1,24,2018-19,Schalke 04,0.7,2.1,0,4
234,0,24,2018-19,Düsseldorf,2.1,0.7,4,0
235,1,24,2018-19,Nürnberg,1.1,1.3,0,1
235,0,24,2018-19,RB Leipzig,1.3,1.1,1,0
236,1,24,2018-19,M'Gladbach,0.7,4.7,1,5
236,0,24,2018-19,Bayern Munich,4.7,0.7,5,1
237,1,24,2018-19,Stuttgart,2.0,0.1,5,1
237,0,24,2018-19,Hannover 96,0.1,2.0,1,5
238,1,24,2018-19,Wolfsburg,1.2,1.3,1,1
238,0,24,2018-19,Werder Bremen,1.3,1.2,1,1
240,1,25,2018-19,Werder Bremen,2.5,1.1,4,2
240,0,25,2018-19,Schalke 04,1.1,2.5,2,4
241,1,25,2018-19,RB Leipzig,1.5,0.2,0,0
241,0,25,2018-19,Augsburg,0.2,1.5,0,0
242,1,25,2018-19,Bayern Munich,3.3,0.1,6,0
242,0,25,2018-19,Wolfsburg,0.1,3.3,0,6
243,1,25,2018-19,Freiburg,1.4,1.2,2,1
243,0,25,2018-19,Hertha BSC,1.2,1.4,1,2
244,1,25,2018-19,Dortmund,2.0,0.7,3,1
244,0,25,2018-19,Stuttgart,0.7,2.0,1,3
245,1,25,2018-19,Mainz 05,0.6,1.7,0,1
245,0,25,2018-19,M'Gladbach,1.7,0.6,1,0
246,1,25,2018-19,Hoffenheim,2.2,0.6,2,1
246,0,25,2018-19,Nürnberg,0.6,2.2,1,2
247,1,25,2018-19,Hannover 96,1.2,2.4,2,3
247,0,25,2018-19,Leverkusen,2.4,1.2,3,2
248,1,25,2018-19,Düsseldorf,0.6,2.3,0,3
248,0,25,2018-19,Eint Frankfurt,2.3,0.6,3,0
250,1,26,2018-19,M'Gladbach,1.5,0.5,1,1
250,0,26,2018-19,Freiburg,0.5,1.5,1,1
251,1,26,2018-19,Schalke 04,1.2,1.3,0,1
251,0,26,2018-19,RB Leipzig,1.3,1.2,1,0
252,1,26,2018-19,Augsburg,1.0,1.7,3,1
252,0,26,2018-19,Hannover 96,1.7,1.0,1,3
253,1,26,2018-19,Wolfsburg,4.2,1.4,5,2
253,0,26,2018-19,Düsseldorf,1.4,4.2,2,5
254,1,26,2018-19,Stuttgart,1.1,2.3,1,1
254,0,26,2018-19,Hoffenheim,2.3,1.1,1,1
255,1,26,2018-19,Hertha BSC,1.6,2.9,2,3
255,0,26,2018-19,Dortmund,2.9,1.6,3,2
256,1,26,2018-19,Leverkusen,1.6,1.1,1,3
256,0,26,2018-19,Werder Bremen,1.1,1.6,3,1
257,1,26,2018-19,Eint Frankfurt,2.9,0.5,1,0
257,0,26,2018-19,Nürnberg,0.5,2.9,0,1
258,1,26,2018-19,Bayern Munich,2.3,0.3,6,0
258,0,26,2018-19,Mainz 05,0.3,2.3,0,6
260,1,27,2018-19,Hoffenheim,1.7,2.3,4,1
260,0,27,2018-19,Leverkusen,2.3,1.7,1,4
261,1,27,2018-19,Nürnberg,1.2,0.9,3,0
261,0,27,2018-19,Augsburg,0.9,1.2,0,3
262,1,27,2018-19,Freiburg,0.7,2.3,1,1
262,0,27,2018-19,Bayern Munich,2.3,0.7,1,1
263,1,27,2018-19,Werder Bremen,1.4,1.0,3,1
263,0,27,2018-19,Mainz 05,1.0,1.4,1,3
264,1,27,2018-19,Düsseldorf,1.4,0.9,3,1
264,0,27,2018-19,M'Gladbach,0.9,1.4,1,3
265,1,27,2018-19,Dortmund,1.1,0.2,2,0
265,0,27,2018-19,Wolfsburg,0.2,1.1,0,2
266,1,27,2018-19,RB Leipzig,3.8,0.9,5,0
266,0,27,2018-19,Hertha BSC,0.9,3.8,0,5
267,1,27,2018-19,Hannover 96,1.0,0.5,0,1
267,0,27,2018-19,Schalke 04,0.5,1.0,1,0
268,1,27,2018-19,Eint Frankfurt,1.0,0.5,3,0
268,0,27,2018-19,Stuttgart,0.5,1.0,0,3
270,1,28,2018-19,Mainz 05,1.6,1.4,5,0
270,0,28,2018-19,Freiburg,1.4,1.6,0,5
271,1,28,2018-19,Leverkusen,1.6,1.5,2,4
271,0,28,2018-19,RB Leipzig,1.5,1.6,4,2
272,1,28,2018-19,Wolfsburg,1.5,1.0,3,1
272,0,28,2018-19,Hannover 96,1.0,1.5,1,3
273,1,28,2018-19,Hertha BSC,1.3,2.8,1,2
273,0,28,2018-19,Düsseldorf,2.8,1.3,2,1
274,1,28,2018-19,Stuttgart,2.8,2.6,1,1
274,0,28,2018-19,Nürnberg,2.6,2.8,1,1
275,1,28,2018-19,Schalke 04,0.7,2.2,1,2
275,0,28,2018-19,Eint Frankfurt,2.2,0.7,2,1
276,1,28,2018-19,Bayern Munich,3.5,0.4,5,0
276,0,28,2018-19,Dortmund,0.4,3.5,0,5
277,1,28,2018-19,Augsburg,0.4,2.7,0,4
277,0,28,2018-19,Hoffenheim,2.7,0.4,4,0
278,1,28,2018-19,M'Gladbach,1.4,0.8,1,1
278,0,28,2018-19,Werder Bremen,0.8,1.4,1,1
280,1,29,2018-19,Nürnberg,1.9,1.2,1,1
280,0,29,2018-19,Schalke 04,1.2,1.9,1,1
281,1,29,2018-19,Stuttgart,0.5,2.5,0,1
281,0,29,2018-19,Leverkusen,2.5,0.5,1,0
282,1,29,2018-19,Werder Bremen,1.5,0.7,2,1
282,0,29,2018-19,Freiburg,0.7,1.5,1,2
283,1,29,2018-19,RB Leipzig,1.6,0.4,2,0
283,0,29,2018-19,Wolfsburg,0.4,1.6,0,2
284,1,29,2018-19,Hannover 96,0.8,1.9,0,1
284,0,29,2018-19,M'Gladbach,1.9,0.8,1,0
285,1,29,2018-19,Dortmund,1.4,3.2,2,1
285,0,29,2018-19,Mainz 05,3.2,1.4,1,2
286,1,29,2018-19,Hoffenheim,3.2,0.4,2,0
286,0,29,2018-19,Hertha BSC,0.4,3.2,0,2
287,1,29,2018-19,Düsseldorf,0.9,3.7,1,4
287,0,29,2018-19,Bayern Munich,3.7,0.9,4,1
288,1,29,2018-19,Eint Frankfurt,1.7,2.3,1,3
288,0,29,2018-19,Augsburg,2.3,1.7,3,1
290,1,30,2018-19,Bayern Munich,2.7,0.2,1,0
290,0,30,2018-19,Werder Bremen,0.2,2.7,0,1
291,1,30,2018-19,Augsburg,2.7,1.7,6,0
291,0,30,2018-19,Stuttgart,1.7,2.7,0,6
292,1,30,2018-19,Leverkusen,1.5,0.2,2,0
292,0,30,2018-19,Nürnberg,0.2,1.5,0,2
293,1,30,2018-19,Mainz 05,3.4,2.4,3,1
293,0,30,2018-19,Düsseldorf,2.4,3.4,1,3
294,1,30,2018-19,M'Gladbach,1.7,2.2,1,2
294,0,30,2018-19,RB Leipzig,2.2,1.7,2,1
295,1,30,2018-19,Schalke 04,1.9,1.9,2,5
295,0,30,2018-19,Hoffenheim,1.9,1.9,5,2
296,1,30,2018-19,Freiburg,0.6,2.8,0,4
296,0,30,2018-19,Dortmund,2.8,0.6,4,0
297,1,30,2018-19,Hertha BSC,1.5,0.7,0,0
297,0,30,2018-19,Hannover 96,0.7,1.5,0,0
298,1,30,2018-19,Wolfsburg,2.0,1.1,1,1
298,0,30,2018-19,Eint Frankfurt,1.1,2.0,1,1
300,1,31,2018-19,Augsburg,0.3,2.2,1,4
300,0,31,2018-19,Leverkusen,2.2,0.3,4,1
301,1,31,2018-19,RB Leipzig,1.7,0.9,2,1
301,0,31,2018-19,Freiburg,0.9,1.7,1,2
302,1,31,2018-19,Eint Frankfurt,1.2,1.5,0,0
302,0,31,2018-19,Hertha BSC,1.5,1.2,0,0
303,1,31,2018-19,Hannover 96,1.0,2.2,1,0
303,0,31,2018-19,Mainz 05,2.2,1.0,0,1
304,1,31,2018-19,Düsseldorf,1.9,2.7,4,1
304,0,31,2018-19,Werder Bremen,2.7,1.9,1,4
305,1,31,2018-19,Dortmund,0.9,1.1,2,4
305,0,31,2018-19,Schalke 04,1.1,0.9,4,2
306,1,31,2018-19,Stuttgart,1.5,1.5,1,0
306,0,31,2018-19,M'Gladbach,1.5,1.5,0,1
307,1,31,2018-19,Hoffenheim,2.4,1.5,1,4
307,0,31,2018-19,Wolfsburg,1.5,2.4,4,1
308,1,31,2018-19,Nürnberg,1.5,1.8,1,1
308,0,31,2018-19,Bayern Munich,1.8,1.5,1,1
310,1,32,2018-19,Mainz 05,1.4,2.3,3,3
310,0,32,2018-19,RB Leipzig,2.3,1.4,3,3
311,1,32,2018-19,Bayern Munich,3.3,0.9,3,1
311,0,32,2018-19,Hannover 96,0.9,3.3,1,3
312,1,32,2018-19,M'Gladbach,1.2,3.0,2,2
312,0,32,2018-19,Hoffenheim,3.0,1.2,2,2
313,1,32,2018-19,Wolfsburg,1.4,0.6,2,0
313,0,32,2018-19,Nürnberg,0.6,1.4,0,2
314,1,32,2018-19,Hertha BSC,2.3,1.4,3,1
314,0,32,2018-19,Stuttgart,1.4,2.3,1,3
315,1,32,2018-19,Werder Bremen,1.0,2.1,2,2
315,0,32,2018-19,Dortmund,2.1,1.0,2,2
316,1,32,2018-19,Schalke 04,1.4,0.3,0,0
316,0,32,2018-19,Augsburg,0.3,1.4,0,0
317,1,32,2018-19,Freiburg,1.0,0.8,1,1
317,0,32,2018-19,Düsseldorf,0.8,1.0,1,1
318,1,32,2018-19,Leverkusen,2.8,0.1,6,1
318,0,32,2018-19,Eint Frankfurt,0.1,2.8,1,6
320,1,33,2018-19,Hannover 96,1.8,0.6,3,0
320,0,33,2018-19,Freiburg,0.6,1.8,0,3
321,1,33,2018-19,Leverkusen,1.8,1.4,1,1
321,0,33,2018-19,Schalke 04,1.4,1.8,1,1
322,1,33,2018-19,Augsburg,1.3,2.5,3,4
322,0,33,2018-19,Hertha BSC,2.5,1.3,4,3
323,1,33,2018-19,Stuttgart,0.7,0.5,3,0
323,0,33,2018-19,Wolfsburg,0.5,0.7,0,3
324,1,33,2018-19,RB Leipzig,0.6,1.3,0,0
324,0,33,2018-19,Bayern Munich,1.3,0.6,0,0
325,1,33,2018-19,Hoffenheim,2.3,0.8,0,1
325,0,33,2018-19,Werder Bremen,0.8,2.3,1,0
326,1,33,2018-19,Dortmund,1.2,1.4,3,2
326,0,33,2018-19,Düsseldorf,1.4,1.2,2,3
327,1,33,2018-19,Nürnberg,0.8,2.0,0,4
327,0,33,2018-19,M'Gladbach,2.0,0.8,4,0
328,1,33,2018-19,Eint Frankfurt,1.3,1.1,0,2
328,0,33,2018-19,Mainz 05,1.1,1.3,2,0
330,1,34,2018-19,M'Gladbach,0.4,2.1,0,2
330,0,34,2018-19,Dortmund,2.1,0.4,2,0
331,1,34,2018-19,Mainz 05,2.7,1.5,4,2
331,0,34,2018-19,Hoffenheim,1.5,2.7,2,4
332,1,34,2018-19,Werder Bremen,1.0,1.4,2,1
332,0,34,2018-19,RB Leipzig,1.4,1.0,1,2
333,1,34,2018-19,Bayern Munich,4.3,0.8,5,1
333,0,34,2018-19,Eint Frankfurt,0.8,4.3,1,5
334,1,34,2018-19,Düsseldorf,2.0,1.0,2,1
334,0,34,2018-19,Hannover 96,1.0,2.0,1,2
335,1,34,2018-19,Wolfsburg,2.5,0.7,8,1
335,0,34,2018-19,Augsburg,0.7,2.5,1,8
336,1,34,2018-19,Freiburg,1.2,0.9,5,1
336,0,34,2018-19,Nürnberg,0.9,1.2,1,5
337,1,34,2018-19,Schalke 04,0.8,1.0,0,0
337,0,34,2018-19,Stuttgart,1.0,0.8,0,0
338,1,34,2018-19,Hertha BSC,1.3,2.0,1,5
338,0,34,2018-19,Leverkusen,2.0,1.3,5,1
0,1,1,2019-20,Bayern Munich,2.6,1.0,2,2
0,0,1,2019-20,Hertha BSC,1.0,2.6,2,2
1,1,1,2019-20,Freiburg,1.8,0.9,3,0
1,0,1,2019-20,Mainz 05,0.9,1.8,0,3
2,1,1,2019-20,Dortmund,2.7,0.7,5,1
2,0,1,2019-20,Augsburg,0.7,2.7,1,5
3,1,1,2019-20,Leverkusen,2.7,1.2,3,2
3,0,1,2019-20,Paderborn 07,1.2,2.7,2,3
4,1,1,2019-20,Werder Bremen,2.4,0.9,1,3
4,0,1,2019-20,Düsseldorf,0.9,2.4,3,1
5,1,1,2019-20,Wolfsburg,0.9,1.2,2,1
5,0,1,2019-20,Köln,1.2,0.9,1,2
6,1,1,2019-20,M'Gladbach,1.6,0.6,0,0
6,0,1,2019-20,Schalke 04,0.6,1.6,0,0
7,1,1,2019-20,Eint Frankfurt,1.1,0.6,1,0
7,0,1,2019-20,Hoffenheim,0.6,1.1,0,1
8,1,1,2019-20,Union Berlin,0.5,3.1,0,4
8,0,1,2019-20,RB Leipzig,3.1,0.5,4,0
10,1,2,2019-20,Köln,0.7,1.4,1,3
10,0,2,2019-20,Dortmund,1.4,0.7,3,1
11,1,2,2019-20,Paderborn 07,1.7,2.2,1,3
11,0,2,2019-20,Freiburg,2.2,1.7,3,1
12,1,2,2019-20,Hoffenheim,0.7,1.3,3,2
12,0,2,2019-20,Werder Bremen,1.3,0.7,2,3
13,1,2,2019-20,Augsburg,1.3,1.1,1,1
13,0,2,2019-20,Union Berlin,1.1,1.3,1,1
14,1,2,2019-20,Düsseldorf,1.0,1.8,1,3
14,0,2,2019-20,Leverkusen,1.8,1.0,3,1
15,1,2,2019-20,Mainz 05,1.3,1.6,1,3
15,0,2,2019-20,M'Gladbach,1.6,1.3,3,1
16,1,2,2019-20,Schalke 04,1.0,1.5,0,3
16,0,2,2019-20,Bayern Munich,1.5,1.0,3,0
17,1,2,2019-20,RB Leipzig,1.4,1.0,2,1
17,0,2,2019-20,Eint Frankfurt,1.0,1.4,1,2
18,1,2,2019-20,Hertha BSC,1.1,1.3,0,3
18,0,2,2019-20,Wolfsburg,1.3,1.1,3,0
20,1,3,2019-20,M'Gladbach,1.1,2.2,1,3
20,0,3,2019-20,RB Leipzig,2.2,1.1,3,1
21,1,3,2019-20,Schalke 04,1.0,0.8,3,0
21,0,3,2019-20,Hertha BSC,0.8,1.0,0,3
22,1,3,2019-20,Bayern Munich,2.7,0.4,6,1
22,0,3,2019-20,Mainz 05,0.4,2.7,1,6
23,1,3,2019-20,Wolfsburg,0.6,0.7,1,1
23,0,3,2019-20,Paderborn 07,0.7,0.6,1,1
24,1,3,2019-20,Leverkusen,0.8,0.3,0,0
24,0,3,2019-20,Hoffenheim,0.3,0.8,0,0
25,1,3,2019-20,Freiburg,0.7,1.3,1,2
25,0,3,2019-20,Köln,1.3,0.7,2,1
26,1,3,2019-20,Union Berlin,1.9,1.9,3,1
26,0,3,2019-20,Dortmund,1.9,1.9,1,3
27,1,3,2019-20,Werder Bremen,2.5,1.5,3,2
27,0,3,2019-20,Augsburg,1.5,2.5,2,3
28,1,3,2019-20,Eint Frankfurt,1.2,0.6,2,1
28,0,3,2019-20,Düsseldorf,0.6,1.2,1,2
30,1,4,2019-20,Düsseldorf,0.5,1.3,1,1
30,0,4,2019-20,Wolfsburg,1.3,0.5,1,1
31,1,4,2019-20,Augsburg,2.0,1.0,2,1
31,0,4,2019-20,Eint Frankfurt,1.0,2.0,1,2
32,1,4,2019-20,Mainz 05,1.7,2.2,2,1
32,0,4,2019-20,Hertha BSC,2.2,1.7,1,2
33,1,4,2019-20,Köln,0.9,1.7,0,1
33,0,4,2019-20,M'Gladbach,1.7,0.9,1,0
34,1,4,2019-20,Dortmund,2.5,0.8,4,0
34,0,4,2019-20,Leverkusen,0.8,2.5,0,4
35,1,4,2019-20,Union Berlin,1.6,2.7,1,2
35,0,4,2019-20,Werder Bremen,2.7,1.6,2,1
36,1,4,2019-20,RB Leipzig,1.5,1.5,1,1
36,0,4,2019-20,Bayern Munich,1.5,1.5,1,1
37,1,4,2019-20,Hoffenheim,1.5,1.2,0,3
37,0,4,2019-20,Freiburg,1.2,1.5,3,0
38,1,4,2019-20,Paderborn 07,1.1,2.7,1,5
38,0,4,2019-20,Schalke 04,2.7,1.1,5,1
40,1,5,2019-20,Schalke 04,1.3,1.2,2,1
40,0,5,2019-20,Mainz 05,1.2,1.3,1,2
41,1,5,2019-20,Freiburg,1.0,1.0,1,1
41,0,5,2019-20,Augsburg,1.0,1.0,1,1
42,1,5,2019-20,Bayern Munich,2.7,0.8,4,0
42,0,5,2019-20,Köln,0.8,2.7,0,4
43,1,5,2019-20,Hertha BSC,1.3,1.3,2,1
43,0,5,2019-20,Paderborn 07,1.3,1.3,1,2
44,1,5,2019-20,Leverkusen,1.7,0.2,2,0
44,0,5,2019-20,Union Berlin,0.2,1.7,0,2
45,1,5,2019-20,Werder Bremen,0.7,1.5,0,3
45,0,5,2019-20,RB Leipzig,1.5,0.7,3,0
46,1,5,2019-20,M'Gladbach,2.8,0.9,2,1
46,0,5,2019-20,Düsseldorf,0.9,2.8,1,2
47,1,5,2019-20,Eint Frankfurt,1.1,2.2,2,2
47,0,5,2019-20,Dortmund,2.2,1.1,2,2
48,1,5,2019-20,Wolfsburg,1.2,0.7,1,1
48,0,5,2019-20,Hoffenheim,0.7,1.2,1,1
50,1,6,2019-20,Union Berlin,0.6,1.5,1,2
50,0,6,2019-20,Eint Frankfurt,1.5,0.6,2,1
51,1,6,2019-20,Paderborn 07,0.3,3.5,2,3
51,0,6,2019-20,Bayern Munich,3.5,0.3,3,2
52,1,6,2019-20,RB Leipzig,1.6,2.6,1,3
52,0,6,2019-20,Schalke 04,2.6,1.6,3,1
53,1,6,2019-20,Augsburg,0.3,1.2,0,3
53,0,6,2019-20,Leverkusen,1.2,0.3,3,0
54,1,6,2019-20,Mainz 05,0.7,0.4,0,1
54,0,6,2019-20,Wolfsburg,0.4,0.7,1,0
55,1,6,2019-20,Hoffenheim,1.5,2.2,0,3
55,0,6,2019-20,M'Gladbach,2.2,1.5,3,0
56,1,6,2019-20,Dortmund,2.1,1.4,2,2
56,0,6,2019-20,Werder Bremen,1.4,2.1,2,2
57,1,6,2019-20,Düsseldorf,1.3,1.6,1,2
57,0,6,2019-20,Freiburg,1.6,1.3,2,1
58,1,6,2019-20,Köln,0.8,1.5,0,4
58,0,6,2019-20,Hertha BSC,1.5,0.8,4,0
60,1,7,2019-20,Hertha BSC,1.7,1.2,3,1
60,0,7,2019-20,Düsseldorf,1.2,1.7,1,3
61,1,7,2019-20,Leverkusen,1.3,1.5,1,1
61,0,7,2019-20,RB Leipzig,1.5,1.3,1,1
62,1,7,2019-20,Paderborn 07,1.6,2.7,1,2
62,0,7,2019-20,Mainz 05,2.7,1.6,2,1
63,1,7,2019-20,Bayern Munich,1.5,0.8,1,2
63,0,7,2019-20,Hoffenheim,0.8,1.5,2,1
64,1,7,2019-20,Freiburg,0.4,0.7,2,2
64,0,7,2019-20,Dortmund,0.7,0.4,2,2
65,1,7,2019-20,Schalke 04,1.6,0.6,1,1
65,0,7,2019-20,Köln,0.6,1.6,1,1
66,1,7,2019-20,M'Gladbach,3.0,1.2,5,1
66,0,7,2019-20,Augsburg,1.2,3.0,1,5
67,1,7,2019-20,Wolfsburg,2.3,0.5,1,0
67,0,7,2019-20,Union Berlin,0.5,2.3,0,1
68,1,7,2019-20,Eint Frankfurt,2.1,1.7,2,2
68,0,7,2019-20,Werder Bremen,1.7,2.1,2,2
70,1,8,2019-20,Eint Frankfurt,2.5,1.5,3,0
70,0,8,2019-20,Leverkusen,1.5,2.5,0,3
71,1,8,2019-20,Augsburg,2.0,2.8,2,2
71,0,8,2019-20,Bayern Munich,2.8,2.0,2,2
72,1,8,2019-20,Werder Bremen,1.0,0.5,1,1
72,0,8,2019-20,Hertha BSC,0.5,1.0,1,1
73,1,8,2019-20,RB Leipzig,1.3,1.5,1,1
73,0,8,2019-20,Wolfsburg,1.5,1.3,1,1
74,1,8,2019-20,Union Berlin,1.0,0.5,2,0
74,0,8,2019-20,Freiburg,0.5,1.0,0,2
75,1,8,2019-20,Düsseldorf,1.3,0.2,1,0
75,0,8,2019-20,Mainz 05,0.2,1.3,0,1
76,1,8,2019-20,Dortmund,2.2,2.5,1,0
76,0,8,2019-20,M'Gladbach,2.5,2.2,0,1
77,1,8,2019-20,Köln,2.3,0.4,3,0
77,0,8,2019-20,Paderborn 07,0.4,2.3,0,3
78,1,8,2019-20,Hoffenheim,1.1,1.1,2,0
78,0,8,2019-20,Schalke 04,1.1,1.1,0,2
80,1,9,2019-20,Mainz 05,1.5,1.9,3,1
80,0,9,2019-20,Köln,1.9,1.5,1,3
81,1,9,2019-20,Freiburg,1.6,2.1,2,1
81,0,9,2019-20,RB Leipzig,2.1,1.6,1,2
82,1,9,2019-20,Schalke 04,1.1,0.4,0,0
82,0,9,2019-20,Dortmund,0.4,1.1,0,0
83,1,9,2019-20,Hertha BSC,2.2,2.2,2,3
83,0,9,2019-20,Hoffenheim,2.2,2.2,3,2
84,1,9,2019-20,Paderborn 07,0.7,1.4,2,0
84,0,9,2019-20,Düsseldorf,1.4,0.7,0,2
85,1,9,2019-20,Bayern Munich,3.3,1.6,2,1
85,0,9,2019-20,Union Berlin,1.6,3.3,1,2
86,1,9,2019-20,Leverkusen,1.7,0.9,2,2
86,0,9,2019-20,Werder Bremen,0.9,1.7,2,2
87,1,9,2019-20,Wolfsburg,0.8,0.8,0,0
87,0,9,2019-20,Augsburg,0.8,0.8,0,0
88,1,9,2019-20,M'Gladbach,1.8,1.0,4,2
88,0,9,2019-20,Eint Frankfurt,1.0,1.8,2,4
90,1,10,2019-20,Hoffenheim,1.7,0.4,3,0
90,0,10,2019-20,Paderborn 07,0.4,1.7,0,3
91,1,10,2019-20,RB Leipzig,3.6,0.8,8,0
91,0,10,2019-20,Mainz 05,0.8,3.6,0,8
92,1,10,2019-20,Leverkusen,2.9,2.2,1,2
92,0,10,2019-20,M'Gladbach,2.2,2.9,2,1
93,1,10,2019-20,Werder Bremen,1.8,1.0,2,2
93,0,10,2019-20,Freiburg,1.0,1.8,2,2
94,1,10,2019-20,Dortmund,1.8,1.6,3,0
94,0,10,2019-20,Wolfsburg,1.6,1.8,0,3
95,1,10,2019-20,Eint Frankfurt,2.7,1.1,5,1
95,0,10,2019-20,Bayern Munich,1.1,2.7,1,5
96,1,10,2019-20,Union Berlin,1.2,0.4,1,0
96,0,10,2019-20,Hertha BSC,0.4,1.2,0,1
97,1,10,2019-20,Düsseldorf,1.8,0.7,2,0
97,0,10,2019-20,Köln,0.7,1.8,0,2
98,1,10,2019-20,Augsburg,1.8,0.5,2,3
98,0,10,2019-20,Schalke 04,0.5,1.8,3,2
100,1,11,2019-20,Köln,0.7,1.8,1,2
100,0,11,2019-20,Hoffenheim,1.8,0.7,2,1
101,1,11,2019-20,Hertha BSC,0.4,2.0,2,4
101,0,11,2019-20,RB Leipzig,2.0,0.4,4,2
102,1,11,2019-20,Paderborn 07,1.2,1.0,0,1
102,0,11,2019-20,Augsburg,1.0,1.2,1,0
103,1,11,2019-20,Schalke 04,1.6,1.7,3,3
103,0,11,2019-20,Düsseldorf,1.7,1.6,3,3
104,1,11,2019-20,Mainz 05,1.8,1.0,2,3
104,0,11,2019-20,Union Berlin,1.0,1.8,3,2
105,1,11,2019-20,Bayern Munich,3.1,0.5,4,0
105,0,11,2019-20,Dortmund,0.5,3.1,0,4
106,1,11,2019-20,M'Gladbach,1.4,1.7,3,1
106,0,11,2019-20,Werder Bremen,1.7,1.4,1,3
107,1,11,2019-20,Wolfsburg,0.8,1.6,0,2
107,0,11,2019-20,Leverkusen,1.6,0.8,2,0
108,1,11,2019-20,Freiburg,0.9,1.0,1,0
108,0,11,2019-20,Eint Frankfurt,1.0,0.9,0,1
110,1,12,2019-20,Dortmund,2.5,1.6,3,3
110,0,12,2019-20,Paderborn 07,1.6,2.5,3,3
111,1,12,2019-20,Düsseldorf,0.7,3.5,0,4
111,0,12,2019-20,Bayern Munich,3.5,0.7,4,0
112,1,12,2019-20,Leverkusen,3.5,1.2,1,1
112,0,12,2019-20,Freiburg,1.2,3.5,1,1
113,1,12,2019-20,Eint Frankfurt,1.0,1.1,0,2
113,0,12,2019-20,Wolfsburg,1.1,1.0,2,0
114,1,12,2019-20,Union Berlin,1.6,1.0,2,0
114,0,12,2019-20,M'Gladbach,1.0,1.6,0,2
115,1,12,2019-20,Werder Bremen,1.7,0.5,1,2
115,0,12,2019-20,Schalke 04,0.5,1.7,2,1
116,1,12,2019-20,RB Leipzig,2.3,0.4,4,1
116,0,12,2019-20,Köln,0.4,2.3,1,4
117,1,12,2019-20,Augsburg,2.3,0.4,4,0
117,0,12,2019-20,Hertha BSC,0.4,2.3,0,4
118,1,12,2019-20,Hoffenheim,2.0,1.9,1,5
118,0,12,2019-20,Mainz 05,1.9,2.0,5,1
120,1,13,2019-20,Schalke 04,1.6,1.8,2,1
120,0,13,2019-20,Union Berlin,1.8,1.6,1,2
121,1,13,2019-20,Hertha BSC,1.2,1.2,1,2
121,0,13,2019-20,Dortmund,1.2,1.2,2,1
122,1,13,2019-20,Hoffenheim,1.6,1.0,1,1
122,0,13,2019-20,Düsseldorf,1.0,1.6,1,1
123,1,13,2019-20,Paderborn 07,1.6,2.4,2,3
123,0,13,2019-20,RB Leipzig,2.4,1.6,3,2
124,1,13,2019-20,Köln,1.4,1.8,1,1
124,0,13,2019-20,Augsburg,1.8,1.4,1,1
125,1,13,2019-20,Bayern Munich,2.6,1.3,1,2
125,0,13,2019-20,Leverkusen,1.3,2.6,2,1
126,1,13,2019-20,M'Gladbach,4.9,1.3,4,2
126,0,13,2019-20,Freiburg,1.3,4.9,2,4
127,1,13,2019-20,Wolfsburg,2.2,1.3,2,3
127,0,13,2019-20,Werder Bremen,1.3,2.2,3,2
128,1,13,2019-20,Mainz 05,2.1,1.1,2,1
128,0,13,2019-20,Eint Frankfurt,1.1,2.1,1,2
130,1,14,2019-20,Eint Frankfurt,2.5,1.3,2,2
130,0,14,2019-20,Hertha BSC,1.3,2.5,2,2
131,1,14,2019-20,M'Gladbach,1.3,1.7,2,1
131,0,14,2019-20,Bayern Munich,1.7,1.3,1,2
132,1,14,2019-20,Dortmund,3.0,0.1,5,0
132,0,14,2019-20,Düsseldorf,0.1,3.0,0,5
133,1,14,2019-20,RB Leipzig,3.8,1.1,3,1
133,0,14,2019-20,Hoffenheim,1.1,3.8,1,3
134,1,14,2019-20,Augsburg,3.2,0.4,2,1
134,0,14,2019-20,Mainz 05,0.4,3.2,1,2
135,1,14,2019-20,Freiburg,0.4,1.2,1,0
135,0,14,2019-20,Wolfsburg,1.2,0.4,0,1
136,1,14,2019-20,Leverkusen,2.3,1.1,2,1
136,0,14,2019-20,Schalke 04,1.1,2.3,1,2
137,1,14,2019-20,Union Berlin,2.0,1.1,2,0
137,0,14,2019-20,Köln,1.1,2.0,0,2
138,1,14,2019-20,Werder Bremen,0.9,1.3,0,1
138,0,14,2019-20,Paderborn 07,1.3,0.9,1,0
140,1,15,2019-20,Hoffenheim,2.1,2.2,2,4
140,0,15,2019-20,Augsburg,2.2,2.1,4,2
141,1,15,2019-20,Köln,1.5,0.2,2,0
141,0,15,2019-20,Leverkusen,0.2,1.5,0,2
142,1,15,2019-20,Mainz 05,0.2,1.2,0,4
142,0,15,2019-20,Dortmund,1.2,0.2,4,0
143,1,15,2019-20,Hertha BSC,0.7,0.8,1,0
143,0,15,2019-20,Freiburg,0.8,0.7,0,1
144,1,15,2019-20,Bayern Munich,4.9,0.5,6,1
144,0,15,2019-20,Werder Bremen,0.5,4.9,1,6
145,1,15,2019-20,Paderborn 07,1.0,1.3,1,1
145,0,15,2019-20,Union Berlin,1.3,1.0,1,1
146,1,15,2019-20,Düsseldorf,0.1,3.4,0,3
146,0,15,2019-20,RB Leipzig,3.4,0.1,3,0
147,1,15,2019-20,Wolfsburg,1.1,0.4,2,1
147,0,15,2019-20,M'Gladbach,0.4,1.1,1,2
148,1,15,2019-20,Schalke 04,1.0,0.7,1,0
148,0,15,2019-20,Eint Frankfurt,0.7,1.0,0,1
150,1,16,2019-20,Werder Bremen,1.0,2.8,0,5
150,0,16,2019-20,Mainz 05,2.8,1.0,5,0
151,1,16,2019-20,Union Berlin,1.3,0.8,0,2
151,0,16,2019-20,Hoffenheim,0.8,1.3,2,0
152,1,16,2019-20,Augsburg,1.2,0.4,3,0
152,0,16,2019-20,Düsseldorf,0.4,1.2,0,3
153,1,16,2019-20,Dortmund,1.1,2.5,3,3
153,0,16,2019-20,RB Leipzig,2.5,1.1,3,3
154,1,16,2019-20,Leverkusen,0.9,1.2,0,1
154,0,16,2019-20,Hertha BSC,1.2,0.9,1,0
155,1,16,2019-20,Eint Frankfurt,1.4,2.5,2,4
155,0,16,2019-20,Köln,2.5,1.4,4,2
156,1,16,2019-20,Wolfsburg,2.1,1.2,1,1
156,0,16,2019-20,Schalke 04,1.2,2.1,1,1
157,1,16,2019-20,M'Gladbach,2.5,0.5,2,0
157,0,16,2019-20,Paderborn 07,0.5,2.5,0,2
158,1,16,2019-20,Freiburg,1.7,3.4,1,3
158,0,16,2019-20,Bayern Munich,3.4,1.7,3,1
160,1,17,2019-20,Hoffenheim,1.1,1.7,2,1
160,0,17,2019-20,Dortmund,1.7,1.1,1,2
161,1,17,2019-20,Mainz 05,1.9,1.5,0,1
161,0,17,2019-20,Leverkusen,1.5,1.9,1,0
162,1,17,2019-20,RB Leipzig,3.3,0.5,3,1
162,0,17,2019-20,Augsburg,0.5,3.3,1,3
163,1,17,2019-20,Köln,1.1,0.2,1,0
163,0,17,2019-20,Werder Bremen,0.2,1.1,0,1
164,1,17,2019-20,Bayern Munich,1.3,0.9,2,0
164,0,17,2019-20,Wolfsburg,0.9,1.3,0,2
165,1,17,2019-20,Schalke 04,1.6,2.8,2,2
165,0,17,2019-20,Freiburg,2.8,1.6,2,2
166,1,17,2019-20,Hertha BSC,0.4,0.8,0,0
166,0,17,2019-20,M'Gladbach,0.8,0.4,0,0
167,1,17,2019-20,Düsseldorf,1.0,2.0,2,1
167,0,17,2019-20,Union Berlin,2.0,1.0,1,2
168,1,17,2019-20,Paderborn 07,2.9,2.0,2,1
168,0,17,2019-20,Eint Frankfurt,2.0,2.9,1,2
170,1,18,2019-20,Schalke 04,1.5,0.8,2,0
170,0,18,2019-20,M'Gladbach,0.8,1.5,0,2
171,1,18,2019-20,Hoffenheim,0.9,1.5,1,2
171,0,18,2019-20,Eint Frankfurt,1.5,0.9,2,1
172,1,18,2019-20,Mainz 05,2.5,1.5,1,2
172,0,18,2019-20,Freiburg,1.5,2.5,2,1
173,1,18,2019-20,Augsburg,1.8,4.8,3,5
173,0,18,2019-20,Dortmund,4.8,1.8,5,3
174,1,18,2019-20,Düsseldorf,1.0,1.0,0,1
174,0,18,2019-20,Werder Bremen,1.0,1.0,1,0
175,1,18,2019-20,Köln,1.3,1.7,3,1
175,0,18,2019-20,Wolfsburg,1.7,1.3,1,3
176,1,18,2019-20,RB Leipzig,2.1,1.4,3,1
176,0,18,2019-20,Union Berlin,1.4,2.1,1,3
177,1,18,2019-20,Hertha BSC,0.6,2.3,0,4
177,0,18,2019-20,Bayern Munich,2.3,0.6,4,0
178,1,18,2019-20,Paderborn 07,1.3,2.2,1,4
178,0,18,2019-20,Leverkusen,2.2,1.3,4,1
180,1,19,2019-20,Dortmund,2.6,1.2,5,1
180,0,19,2019-20,Köln,1.2,2.6,1,5
181,1,19,2019-20,Eint Frankfurt,1.2,1.3,2,0
181,0,19,2019-20,RB Leipzig,1.3,1.2,0,2
182,1,19,2019-20,M'Gladbach,2.3,0.7,3,1
182,0,19,2019-20,Mainz 05,0.7,2.3,1,3
183,1,19,2019-20,Freiburg,1.4,1.8,0,2
183,0,19,2019-20,Paderborn 07,1.8,1.4,2,0
184,1,19,2019-20,Union Berlin,1.0,1.6,2,0
184,0,19,2019-20,Augsburg,1.6,1.0,0,2
185,1,19,2019-20,Wolfsburg,1.1,1.8,1,2
185,0,19,2019-20,Hertha BSC,1.8,1.1,2,1
186,1,19,2019-20,Bayern Munich,3.4,0.4,5,0
186,0,19,2019-20,Schalke 04,0.4,3.4,0,5
187,1,19,2019-20,Werder Bremen,0.7,0.9,0,3
187,0,19,2019-20,Hoffenheim,0.9,0.7,3,0
188,1,19,2019-20,Leverkusen,3.7,0.7,3,0
188,0,19,2019-20,Düsseldorf,0.7,3.7,0,3
190,1,20,2019-20,Hertha BSC,0.4,0.7,0,0
190,0,20,2019-20,Schalke 04,0.7,0.4,0,0
191,1,20,2019-20,Augsburg,1.1,0.5,2,1
191,0,20,2019-20,Werder Bremen,0.5,1.1,1,2
192,1,20,2019-20,Mainz 05,0.3,1.5,1,3
192,0,20,2019-20,Bayern Munich,1.5,0.3,3,1
193,1,20,2019-20,Dortmund,3.3,0.3,5,0
193,0,20,2019-20,Union Berlin,0.3,3.3,0,5
194,1,20,2019-20,Düsseldorf,0.3,1.0,1,1
194,0,20,2019-20,Eint Frankfurt,1.0,0.3,1,1
195,1,20,2019-20,Hoffenheim,3.1,2.5,2,1
195,0,20,2019-20,Leverkusen,2.5,3.1,1,2
196,1,20,2019-20,RB Leipzig,1.6,1.2,2,2
196,0,20,2019-20,M'Gladbach,1.2,1.6,2,2
197,1,20,2019-20,Köln,3.6,0.6,4,0
197,0,20,2019-20,Freiburg,0.6,3.6,0,4
198,1,20,2019-20,Paderborn 07,1.0,1.5,2,4
198,0,20,2019-20,Wolfsburg,1.5,1.0,4,2
200,1,21,2019-20,Eint Frankfurt,2.3,0.5,5,0
200,0,21,2019-20,Augsburg,0.5,2.3,0,5
201,1,21,2019-20,Wolfsburg,1.0,0.8,1,1
201,0,21,2019-20,Düsseldorf,0.8,1.0,1,1
202,1,21,2019-20,Schalke 04,1.3,0.8,1,1
202,0,21,2019-20,Paderborn 07,0.8,1.3,1,1
203,1,21,2019-20,Freiburg,1.7,1.5,1,0
203,0,21,2019-20,Hoffenheim,1.5,1.7,0,1
204,1,21,2019-20,Hertha BSC,0.7,2.2,1,3
204,0,21,2019-20,Mainz 05,2.2,0.7,3,1
205,1,21,2019-20,Werder Bremen,1.3,1.4,0,2
205,0,21,2019-20,Union Berlin,1.4,1.3,2,0
206,1,21,2019-20,Leverkusen,1.5,0.8,4,3
206,0,21,2019-20,Dortmund,0.8,1.5,3,4
207,1,21,2019-20,Bayern Munich,1.4,1.3,0,0
207,0,21,2019-20,RB Leipzig,1.3,1.4,0,0
209,1,22,2019-20,Dortmund,1.2,0.0,4,0
209,0,22,2019-20,Eint Frankfurt,0.0,1.2,0,4
210,1,22,2019-20,RB Leipzig,1.3,0.4,3,0
210,0,22,2019-20,Werder Bremen,0.4,1.3,0,3
211,1,22,2019-20,Paderborn 07,0.8,1.8,1,2
211,0,22,2019-20,Hertha BSC,1.8,0.8,2,1
212,1,22,2019-20,Union Berlin,1.3,1.0,2,3
212,0,22,2019-20,Leverkusen,1.0,1.3,3,2
213,1,22,2019-20,Augsburg,0.9,1.3,1,1
213,0,22,2019-20,Freiburg,1.3,0.9,1,1
214,1,22,2019-20,Hoffenheim,2.5,2.7,2,3
214,0,22,2019-20,Wolfsburg,2.7,2.5,3,2
215,1,22,2019-20,Düsseldorf,1.0,2.3,1,4
215,0,22,2019-20,M'Gladbach,2.3,1.0,4,1
216,1,22,2019-20,Köln,2.5,2.6,1,4
216,0,22,2019-20,Bayern Munich,2.6,2.5,4,1
217,1,22,2019-20,Mainz 05,1.3,0.8,0,0
217,0,22,2019-20,Schalke 04,0.8,1.3,0,0
219,1,23,2019-20,Bayern Munich,2.6,1.3,3,2
219,0,23,2019-20,Paderborn 07,1.3,2.6,2,3
220,1,23,2019-20,Freiburg,0.9,0.8,0,2
220,0,23,2019-20,Düsseldorf,0.8,0.9,2,0
221,1,23,2019-20,M'Gladbach,2.4,1.6,1,1
221,0,23,2019-20,Hoffenheim,1.6,2.4,1,1
222,1,23,2019-20,Hertha BSC,0.6,2.6,0,5
222,0,23,2019-20,Köln,2.6,0.6,5,0
223,1,23,2019-20,Werder Bremen,0.2,1.1,0,2
223,0,23,2019-20,Dortmund,1.1,0.2,2,0
224,1,23,2019-20,Schalke 04,0.2,2.6,0,5
224,0,23,2019-20,RB Leipzig,2.6,0.2,5,0
225,1,23,2019-20,Leverkusen,0.9,0.6,2,0
225,0,23,2019-20,Augsburg,0.6,0.9,0,2
226,1,23,2019-20,Wolfsburg,2.8,0.9,4,0
226,0,23,2019-20,Mainz 05,0.9,2.8,0,4
227,1,23,2019-20,Eint Frankfurt,1.8,1.5,1,2
227,0,23,2019-20,Union Berlin,1.5,1.8,2,1
229,1,24,2019-20,Düsseldorf,1.4,2.9,3,3
229,0,24,2019-20,Hertha BSC,2.9,1.4,3,3
230,1,24,2019-20,Hoffenheim,0.4,3.5,0,6
230,0,24,2019-20,Bayern Munich,3.5,0.4,6,0
231,1,24,2019-20,Augsburg,1.1,2.5,2,3
231,0,24,2019-20,M'Gladbach,2.5,1.1,3,2
232,1,24,2019-20,Mainz 05,1.0,0.6,2,0
232,0,24,2019-20,Paderborn 07,0.6,1.0,0,2
233,1,24,2019-20,Dortmund,1.6,1.1,1,0
233,0,24,2019-20,Freiburg,1.1,1.6,0,1
234,1,24,2019-20,Köln,1.1,0.8,3,0
234,0,24,2019-20,Schalke 04,0.8,1.1,0,3
235,1,24,2019-20,Union Berlin,0.6,1.0,2,2
235,0,24,2019-20,Wolfsburg,1.0,0.6,2,2
236,1,24,2019-20,RB Leipzig,0.6,1.3,1,1
236,0,24,2019-20,Leverkusen,1.3,0.6,1,1
238,1,25,2019-20,Paderborn 07,0.6,2.5,1,2
238,0,25,2019-20,Köln,2.5,0.6,2,1
239,1,25,2019-20,Freiburg,0.8,0.6,3,1
239,0,25,2019-20,Union Berlin,0.6,0.8,1,3
240,1,25,2019-20,Schalke 04,0.8,0.6,1,1
240,0,25,2019-20,Hoffenheim,0.6,0.8,1,1
241,1,25,2019-20,Hertha BSC,1.1,0.9,2,2
241,0,25,2019-20,Werder Bremen,0.9,1.1,2,2
242,1,25,2019-20,Leverkusen,2.3,0.8,4,0
242,0,25,2019-20,Eint Frankfurt,0.8,2.3,0,4
243,1,25,2019-20,Wolfsburg,0.8,1.2,0,0
243,0,25,2019-20,RB Leipzig,1.2,0.8,0,0
244,1,25,2019-20,M'Gladbach,2.0,0.7,1,2
244,0,25,2019-20,Dortmund,0.7,2.0,2,1
245,1,25,2019-20,Bayern Munich,2.9,0.7,2,0
245,0,25,2019-20,Augsburg,0.7,2.9,0,2
246,1,25,2019-20,Mainz 05,0.8,1.9,1,1
246,0,25,2019-20,Düsseldorf,1.9,0.8,1,1
248,1,21,2019-20,M'Gladbach,0.9,0.8,2,1
248,0,21,2019-20,Köln,0.8,0.9,1,2
250,1,26,2019-20,RB Leipzig,2.1,0.3,1,1
250,0,26,2019-20,Freiburg,0.3,2.1,1,1
251,1,26,2019-20,Düsseldorf,0.7,0.7,0,0
251,0,26,2019-20,Paderborn 07,0.7,0.7,0,0
252,1,26,2019-20,Hoffenheim,2.5,1.5,0,3
252,0,26,2019-20,Hertha BSC,1.5,2.5,3,0
253,1,26,2019-20,Augsburg,1.1,1.5,1,2
253,0,26,2019-20,Wolfsburg,1.5,1.1,2,1
254,1,26,2019-20,Dortmund,1.6,0.5,4,0
254,0,26,2019-20,Schalke 04,0.5,1.6,0,4
255,1,26,2019-20,Eint Frankfurt,1.0,3.2,1,3
255,0,26,2019-20,M'Gladbach,3.2,1.0,3,1
256,1,26,2019-20,Köln,2.3,1.9,2,2
256,0,26,2019-20,Mainz 05,1.9,2.3,2,2
257,1,26,2019-20,Union Berlin,0.5,1.5,0,2
257,0,26,2019-20,Bayern Munich,1.5,0.5,2,0
258,1,26,2019-20,Werder Bremen,1.2,1.7,1,4
258,0,26,2019-20,Leverkusen,1.7,1.2,4,1
260,1,27,2019-20,Hertha BSC,1.6,0.2,4,0
260,0,27,2019-20,Union Berlin,0.2,1.6,0,4
261,1,27,2019-20,Wolfsburg,0.4,0.9,0,2
261,0,27,2019-20,Dortmund,0.9,0.4,2,0
262,1,27,2019-20,M'Gladbach,1.6,2.9,1,3
262,0,27,2019-20,Leverkusen,2.9,1.6,3,1
263,1,27,2019-20,Freiburg,0.7,0.8,0,1
263,0,27,2019-20,Werder Bremen,0.8,0.7,1,0
264,1,27,2019-20,Paderborn 07,0.7,1.7,1,1
264,0,27,2019-20,Hoffenheim,1.7,0.7,1,1
265,1,27,2019-20,Bayern Munich,2.7,1.0,5,2
265,0,27,2019-20,Eint Frankfurt,1.0,2.7,2,5
266,1,27,2019-20,Schalke 04,0.6,1.3,0,3
266,0,27,2019-20,Augsburg,1.3,0.6,3,0
267,1,27,2019-20,Mainz 05,0.3,5.2,0,5
267,0,27,2019-20,RB Leipzig,5.2,0.3,5,0
268,1,27,2019-20,Köln,1.4,0.7,2,2
268,0,27,2019-20,Düsseldorf,0.7,1.4,2,2
270,1,28,2019-20,Dortmund,0.9,0.8,0,1
270,0,28,2019-20,Bayern Munich,0.8,0.9,1,0
271,1,28,2019-20,Werder Bremen,0.8,0.5,0,0
271,0,28,2019-20,M'Gladbach,0.5,0.8,0,0
272,1,28,2019-20,Eint Frankfurt,4.8,0.9,3,3
272,0,28,2019-20,Freiburg,0.9,4.8,3,3
273,1,28,2019-20,Leverkusen,1.0,2.4,1,4
273,0,28,2019-20,Wolfsburg,2.4,1.0,4,1
274,1,28,2019-20,RB Leipzig,0.7,1.6,2,2
274,0,28,2019-20,Hertha BSC,1.6,0.7,2,2
275,1,28,2019-20,Hoffenheim,1.3,2.2,3,1
275,0,28,2019-20,Köln,2.2,1.3,1,3
276,1,28,2019-20,Düsseldorf,1.9,0.6,2,1
276,0,28,2019-20,Schalke 04,0.6,1.9,1,2
277,1,28,2019-20,Union Berlin,0.4,1.0,1,1
277,0,28,2019-20,Mainz 05,1.0,0.4,1,1
278,1,28,2019-20,Augsburg,0.7,1.7,0,0
278,0,28,2019-20,Paderborn 07,1.7,0.7,0,0
280,1,29,2019-20,Freiburg,0.9,0.6,0,1
280,0,29,2019-20,Leverkusen,0.6,0.9,1,0
281,1,29,2019-20,Wolfsburg,1.6,1.6,1,2
281,0,29,2019-20,Eint Frankfurt,1.6,1.6,2,1
282,1,29,2019-20,Schalke 04,0.7,0.5,0,1
282,0,29,2019-20,Werder Bremen,0.5,0.7,1,0
283,1,29,2019-20,Hertha BSC,2.1,0.6,2,0
283,0,29,2019-20,Augsburg,0.6,2.1,0,2
284,1,29,2019-20,Mainz 05,0.9,1.7,0,1
284,0,29,2019-20,Hoffenheim,1.7,0.9,1,0
285,1,29,2019-20,Bayern Munich,3.0,0.8,5,0
285,0,29,2019-20,Düsseldorf,0.8,3.0,0,5
286,1,29,2019-20,M'Gladbach,2.2,0.9,4,1
286,0,29,2019-20,Union Berlin,0.9,2.2,1,4
287,1,29,2019-20,Paderborn 07,1.0,3.8,1,6
287,0,29,2019-20,Dortmund,3.8,1.0,6,1
288,1,29,2019-20,Köln,1.0,3.4,2,4
288,0,29,2019-20,RB Leipzig,3.4,1.0,4,2
290,1,24,2019-20,Werder Bremen,0.5,1.5,0,3
290,0,24,2019-20,Eint Frankfurt,1.5,0.5,3,0
292,1,30,2019-20,Freiburg,1.1,2.4,1,0
292,0,30,2019-20,M'Gladbach,2.4,1.1,0,1
293,1,30,2019-20,Leverkusen,0.9,2.6,2,4
293,0,30,2019-20,Bayern Munich,2.6,0.9,4,2
294,1,30,2019-20,Düsseldorf,2.2,0.9,2,2
294,0,30,2019-20,Hoffenheim,0.9,2.2,2,2
295,1,30,2019-20,RB Leipzig,2.1,1.4,1,1
295,0,30,2019-20,Paderborn 07,1.4,2.1,1,1
296,1,30,2019-20,Eint Frankfurt,0.4,2.0,0,2
296,0,30,2019-20,Mainz 05,2.0,0.4,2,0
297,1,30,2019-20,Dortmund,1.8,0.4,1,0
297,0,30,2019-20,Hertha BSC,0.4,1.8,0,1
298,1,30,2019-20,Werder Bremen,0.7,1.7,0,1
298,0,30,2019-20,Wolfsburg,1.7,0.7,1,0
299,1,30,2019-20,Union Berlin,1.6,0.2,1,1
299,0,30,2019-20,Schalke 04,0.2,1.6,1,1
300,1,30,2019-20,Augsburg,2.1,1.0,1,1
300,0,30,2019-20,Köln,1.0,2.1,1,1
302,1,31,2019-20,Hoffenheim,1.8,1.6,0,2
302,0,31,2019-20,RB Leipzig,1.6,1.8,2,0
303,1,31,2019-20,Paderborn 07,1.7,2.6,1,5
303,0,31,2019-20,Werder Bremen,2.6,1.7,5,1
304,1,31,2019-20,Hertha BSC,0.9,2.5,1,4
304,0,31,2019-20,Eint Frankfurt,2.5,0.9,4,1
305,1,31,2019-20,Düsseldorf,0.5,0.6,0,1
305,0,31,2019-20,Dortmund,0.6,0.5,1,0
306,1,31,2019-20,Köln,1.1,1.1,1,2
306,0,31,2019-20,Union Berlin,1.1,1.1,2,1
307,1,31,2019-20,Wolfsburg,2.4,2.2,2,2
307,0,31,2019-20,Freiburg,2.2,2.4,2,2
308,1,31,2019-20,Bayern Munich,1.5,0.7,2,1
308,0,31,2019-20,M'Gladbach,0.7,1.5,1,2
309,1,31,2019-20,Mainz 05,1.7,0.9,0,1
309,0,31,2019-20,Augsburg,0.9,1.7,1,0
310,1,31,2019-20,Schalke 04,1.3,1.2,1,1
310,0,31,2019-20,Leverkusen,1.2,1.3,1,1
312,1,32,2019-20,M'Gladbach,1.7,0.4,3,0
312,0,32,2019-20,Wolfsburg,0.4,1.7,0,3
313,1,32,2019-20,Union Berlin,1.7,0.8,1,0
313,0,32,2019-20,Paderborn 07,0.8,1.7,0,1
314,1,32,2019-20,Werder Bremen,0.5,1.1,0,1
314,0,32,2019-20,Bayern Munich,1.1,0.5,1,0
315,1,32,2019-20,Freiburg,1.9,1.8,2,1
315,0,32,2019-20,Hertha BSC,1.8,1.9,1,2
316,1,32,2019-20,Eint Frankfurt,2.5,0.8,2,1
316,0,32,2019-20,Schalke 04,0.8,2.5,1,2
317,1,32,2019-20,RB Leipzig,1.2,1.0,2,2
317,0,32,2019-20,Düsseldorf,1.0,1.2,2,2
318,1,32,2019-20,Leverkusen,2.3,0.6,3,1
318,0,32,2019-20,Köln,0.6,2.3,1,3
319,1,32,2019-20,Dortmund,1.1,1.8,0,2
319,0,32,2019-20,Mainz 05,1.8,1.1,2,0
320,1,32,2019-20,Augsburg,0.5,1.6,1,3
320,0,32,2019-20,Hoffenheim,1.6,0.5,3,1
322,1,33,2019-20,Hoffenheim,2.1,0.4,4,0
322,0,33,2019-20,Union Berlin,0.4,2.1,0,4
323,1,33,2019-20,Paderborn 07,0.6,4.0,1,3
323,0,33,2019-20,M'Gladbach,4.0,0.6,3,1
324,1,33,2019-20,Schalke 04,0.9,2.1,1,4
324,0,33,2019-20,Wolfsburg,2.1,0.9,4,1
325,1,33,2019-20,Mainz 05,1.9,2.0,3,1
325,0,33,2019-20,Werder Bremen,2.0,1.9,1,3
326,1,33,2019-20,Hertha BSC,1.9,1.4,2,0
326,0,33,2019-20,Leverkusen,1.4,1.9,0,2
327,1,33,2019-20,Bayern Munich,2.0,1.8,3,1
327,0,33,2019-20,Freiburg,1.8,2.0,1,3
328,1,33,2019-20,Düsseldorf,0.4,1.5,1,1
328,0,33,2019-20,Augsburg,1.5,0.4,1,1
329,1,33,2019-20,RB Leipzig,0.9,3.1,0,2
329,0,33,2019-20,Dortmund,3.1,0.9,2,0
330,1,33,2019-20,Köln,1.0,1.6,1,1
330,0,33,2019-20,Eint Frankfurt,1.6,1.0,1,1
332,1,34,2019-20,Werder Bremen,3.0,0.8,6,1
332,0,34,2019-20,Köln,0.8,3.0,1,6
333,1,34,2019-20,Eint Frankfurt,2.1,2.2,3,2
333,0,34,2019-20,Paderborn 07,2.2,2.1,2,3
334,1,34,2019-20,Dortmund,0.2,3.1,0,4
334,0,34,2019-20,Hoffenheim,3.1,0.2,4,0
335,1,34,2019-20,Wolfsburg,0.8,3.2,0,4
335,0,34,2019-20,Bayern Munich,3.2,0.8,4,0
336,1,34,2019-20,Augsburg,0.2,2.2,1,2
336,0,34,2019-20,RB Leipzig,2.2,0.2,2,1
337,1,34,2019-20,M'Gladbach,3.0,1.0,2,1
337,0,34,2019-20,Hertha BSC,1.0,3.0,1,2
338,1,34,2019-20,Leverkusen,1.5,0.4,1,0
338,0,34,2019-20,Mainz 05,0.4,1.5,0,1
339,1,34,2019-20,Union Berlin,1.8,1.0,3,0
339,0,34,2019-20,Düsseldorf,1.0,1.8,0,3
340,1,34,2019-20,Freiburg,1.5,0.8,4,0
340,0,34,2019-20,Schalke 04,0.8,1.5,0,4
0,1,1,2020-21,Bayern Munich,5.1,0.2,8,0
0,0,1,2020-21,Schalke 04,0.2,5.1,0,8
1,1,1,2020-21,Union Berlin,1.3,1.1,1,3
1,0,1,2020-21,Augsburg,1.1,1.3,3,1
2,1,1,2020-21,Werder Bremen,1.0,2.1,1,4
2,0,1,2020-21,Hertha BSC,2.1,1.0,4,1
3,1,1,2020-21,Eint Frankfurt,1.6,1.0,1,1
3,0,1,2020-21,Arminia,1.0,1.6,1,1
4,1,1,2020-21,Köln,2.1,3.1,2,3
4,0,1,2020-21,Hoffenheim,3.1,2.1,3,2
5,1,1,2020-21,Stuttgart,3.1,2.0,2,3
5,0,1,2020-21,Freiburg,2.0,3.1,3,2
6,1,1,2020-21,Dortmund,1.6,0.6,3,0
6,0,1,2020-21,M'Gladbach,0.6,1.6,0,3
7,1,1,2020-21,RB Leipzig,2.8,1.2,3,1
7,0,1,2020-21,Mainz 05,1.2,2.8,1,3
8,1,1,2020-21,Wolfsburg,1.0,0.7,0,0
8,0,1,2020-21,Leverkusen,0.7,1.0,0,0
10,1,2,2020-21,Hertha BSC,1.1,1.7,1,3
10,0,2,2020-21,Eint Frankfurt,1.7,1.1,3,1
11,1,2,2020-21,Arminia,0.2,0.9,1,0
11,0,2,2020-21,Köln,0.9,0.2,0,1
12,1,2,2020-21,Augsburg,1.0,1.7,2,0
12,0,2,2020-21,Dortmund,1.7,1.0,0,2
13,1,2,2020-21,M'Gladbach,1.3,0.9,1,1
13,0,2,2020-21,Union Berlin,0.9,1.3,1,1
14,1,2,2020-21,Leverkusen,0.8,0.8,1,1
14,0,2,2020-21,RB Leipzig,0.8,0.8,1,1
15,1,2,2020-21,Mainz 05,1.2,2.7,1,4
15,0,2,2020-21,Stuttgart,2.7,1.2,4,1
16,1,2,2020-21,Schalke 04,1.2,2.4,1,3
16,0,2,2020-21,Werder Bremen,2.4,1.2,3,1
17,1,2,2020-21,Hoffenheim,4.0,1.6,4,1
17,0,2,2020-21,Bayern Munich,1.6,4.0,1,4
18,1,2,2020-21,Freiburg,1.5,0.6,1,1
18,0,2,2020-21,Wolfsburg,0.6,1.5,1,1
20,1,3,2020-21,Union Berlin,1.9,0.2,4,0
20,0,3,2020-21,Mainz 05,0.2,1.9,0,4
21,1,3,2020-21,Stuttgart,0.8,1.4,1,1
21,0,3,2020-21,Leverkusen,1.4,0.8,1,1
22,1,3,2020-21,Dortmund,3.1,0.6,4,0
22,0,3,2020-21,Freiburg,0.6,3.1,0,4
23,1,3,2020-21,Werder Bremen,0.4,0.9,1,0
23,0,3,2020-21,Arminia,0.9,0.4,0,1
24,1,3,2020-21,Eint Frankfurt,2.6,0.5,2,1
24,0,3,2020-21,Hoffenheim,0.5,2.6,1,2
25,1,3,2020-21,Köln,0.8,2.2,1,3
25,0,3,2020-21,M'Gladbach,2.2,0.8,3,1
26,1,3,2020-21,RB Leipzig,3.2,0.1,4,0
26,0,3,2020-21,Schalke 04,0.1,3.2,0,4
27,1,3,2020-21,Wolfsburg,1.2,0.9,0,0
27,0,3,2020-21,Augsburg,0.9,1.2,0,0
28,1,3,2020-21,Bayern Munich,3.8,1.4,4,3
28,0,3,2020-21,Hertha BSC,1.4,3.8,3,4
30,1,4,2020-21,Augsburg,0.7,1.7,0,2
30,0,4,2020-21,RB Leipzig,1.7,0.7,2,0
31,1,4,2020-21,Hertha BSC,1.2,0.8,0,2
31,0,4,2020-21,Stuttgart,0.8,1.2,2,0
32,1,4,2020-21,Freiburg,1.0,1.6,1,1
32,0,4,2020-21,Werder Bremen,1.6,1.0,1,1
33,1,4,2020-21,Mainz 05,0.3,0.5,0,1
33,0,4,2020-21,Leverkusen,0.5,0.3,1,0
34,1,4,2020-21,Hoffenheim,1.0,2.4,0,1
34,0,4,2020-21,Dortmund,2.4,1.0,1,0
35,1,4,2020-21,Arminia,1.4,2.6,1,4
35,0,4,2020-21,Bayern Munich,2.6,1.4,4,1
36,1,4,2020-21,M'Gladbach,1.6,1.2,1,1
36,0,4,2020-21,Wolfsburg,1.2,1.6,1,1
37,1,4,2020-21,Köln,1.1,2.1,1,1
37,0,4,2020-21,Eint Frankfurt,2.1,1.1,1,1
38,1,4,2020-21,Schalke 04,0.3,0.9,1,1
38,0,4,2020-21,Union Berlin,0.9,0.3,1,1
40,1,5,2020-21,Stuttgart,0.7,2.2,1,1
40,0,5,2020-21,Köln,2.2,0.7,1,1
41,1,5,2020-21,RB Leipzig,2.3,0.9,2,1
41,0,5,2020-21,Hertha BSC,0.9,2.3,1,2
42,1,5,2020-21,Union Berlin,1.3,0.4,1,1
42,0,5,2020-21,Freiburg,0.4,1.3,1,1
43,1,5,2020-21,Bayern Munich,3.4,0.5,5,0
43,0,5,2020-21,Eint Frankfurt,0.5,3.4,0,5
44,1,5,2020-21,Mainz 05,1.7,2.9,2,3
44,0,5,2020-21,M'Gladbach,2.9,1.7,3,2
45,1,5,2020-21,Dortmund,1.5,0.2,3,0
45,0,5,2020-21,Schalke 04,0.2,1.5,0,3
46,1,5,2020-21,Wolfsburg,2.1,0.4,2,1
46,0,5,2020-21,Arminia,0.4,2.1,1,2
47,1,5,2020-21,Werder Bremen,0.3,1.2,1,1
47,0,5,2020-21,Hoffenheim,1.2,0.3,1,1
48,1,5,2020-21,Leverkusen,2.8,0.4,3,1
48,0,5,2020-21,Augsburg,0.4,2.8,1,3
50,1,6,2020-21,Schalke 04,0.5,1.6,1,1
50,0,6,2020-21,Stuttgart,1.6,0.5,1,1
51,1,6,2020-21,Arminia,0.2,2.7,0,2
51,0,6,2020-21,Dortmund,2.7,0.2,2,0
52,1,6,2020-21,Eint Frankfurt,2.0,0.9,1,1
52,0,6,2020-21,Werder Bremen,0.9,2.0,1,1
53,1,6,2020-21,Köln,1.0,1.0,1,2
53,0,6,2020-21,Bayern Munich,1.0,1.0,2,1
54,1,6,2020-21,Augsburg,2.0,0.8,3,1
54,0,6,2020-21,Mainz 05,0.8,2.0,1,3
55,1,6,2020-21,M'Gladbach,0.5,0.9,1,0
55,0,6,2020-21,RB Leipzig,0.9,0.5,0,1
56,1,6,2020-21,Freiburg,1.1,1.5,2,4
56,0,6,2020-21,Leverkusen,1.5,1.1,4,2
57,1,6,2020-21,Hertha BSC,1.2,0.5,1,1
57,0,6,2020-21,Wolfsburg,0.5,1.2,1,1
58,1,6,2020-21,Hoffenheim,1.3,4.0,1,3
58,0,6,2020-21,Union Berlin,4.0,1.3,3,1
60,1,7,2020-21,Werder Bremen,1.7,0.4,1,1
60,0,7,2020-21,Köln,0.4,1.7,1,1
61,1,7,2020-21,Augsburg,0.7,2.4,0,3
61,0,7,2020-21,Hertha BSC,2.4,0.7,3,0
62,1,7,2020-21,Union Berlin,2.1,0.3,5,0
62,0,7,2020-21,Arminia,0.3,2.1,0,5
63,1,7,2020-21,RB Leipzig,2.0,1.0,3,0
63,0,7,2020-21,Freiburg,1.0,2.0,0,3
64,1,7,2020-21,Stuttgart,2.3,2.4,2,2
64,0,7,2020-21,Eint Frankfurt,2.4,2.3,2,2
65,1,7,2020-21,Mainz 05,3.1,1.7,2,2
65,0,7,2020-21,Schalke 04,1.7,3.1,2,2
66,1,7,2020-21,Dortmund,2.0,1.1,2,3
66,0,7,2020-21,Bayern Munich,1.1,2.0,3,2
67,1,7,2020-21,Wolfsburg,2.0,2.0,2,1
67,0,7,2020-21,Hoffenheim,2.0,2.0,1,2
68,1,7,2020-21,Leverkusen,1.6,2.5,4,3
68,0,7,2020-21,M'Gladbach,2.5,1.6,3,4
70,1,8,2020-21,Hoffenheim,1.9,2.1,3,3
70,0,8,2020-21,Stuttgart,2.1,1.9,3,3
71,1,8,2020-21,Arminia,0.0,1.5,1,2
71,0,8,2020-21,Leverkusen,1.5,0.0,2,1
72,1,8,2020-21,Bayern Munich,1.2,1.4,1,1
72,0,8,2020-21,Werder Bremen,1.4,1.2,1,1
73,1,8,2020-21,M'Gladbach,2.0,0.7,1,1
73,0,8,2020-21,Augsburg,0.7,2.0,1,1
74,1,8,2020-21,Schalke 04,0.9,2.1,0,2
74,0,8,2020-21,Wolfsburg,2.1,0.9,2,0
75,1,8,2020-21,Eint Frankfurt,1.1,0.9,1,1
75,0,8,2020-21,RB Leipzig,0.9,1.1,1,1
76,1,8,2020-21,Hertha BSC,1.3,3.5,2,5
76,0,8,2020-21,Dortmund,3.5,1.3,5,2
77,1,8,2020-21,Freiburg,2.2,2.8,1,3
77,0,8,2020-21,Mainz 05,2.8,2.2,3,1
78,1,8,2020-21,Köln,0.7,1.9,1,2
78,0,8,2020-21,Union Berlin,1.9,0.7,2,1
80,1,9,2020-21,Wolfsburg,1.8,1.0,5,3
80,0,9,2020-21,Werder Bremen,1.0,1.8,3,5
81,1,9,2020-21,Augsburg,0.4,0.8,1,1
81,0,9,2020-21,Freiburg,0.8,0.4,1,1
82,1,9,2020-21,RB Leipzig,2.3,1.3,2,1
82,0,9,2020-21,Arminia,1.3,2.3,1,2
83,1,9,2020-21,Dortmund,2.9,1.6,1,2
83,0,9,2020-21,Köln,1.6,2.9,2,1
84,1,9,2020-21,Union Berlin,2.8,2.0,3,3
84,0,9,2020-21,Eint Frankfurt,2.0,2.8,3,3
85,1,9,2020-21,Stuttgart,1.8,1.0,1,3
85,0,9,2020-21,Bayern Munich,1.0,1.8,3,1
86,1,9,2020-21,M'Gladbach,3.1,1.0,4,1
86,0,9,2020-21,Schalke 04,1.0,3.1,1,4
87,1,9,2020-21,Leverkusen,0.7,0.4,0,0
87,0,9,2020-21,Hertha BSC,0.4,0.7,0,0
88,1,9,2020-21,Mainz 05,1.4,1.0,1,1
88,0,9,2020-21,Hoffenheim,1.0,1.4,1,1
90,1,10,2020-21,Hertha BSC,0.7,0.3,3,1
90,0,10,2020-21,Union Berlin,0.3,0.7,1,3
91,1,10,2020-21,Köln,0.7,1.6,2,2
91,0,10,2020-21,Wolfsburg,1.6,0.7,2,2
92,1,10,2020-21,Eint Frankfurt,0.8,1.2,1,1
92,0,10,2020-21,Dortmund,1.2,0.8,1,1
93,1,10,2020-21,Freiburg,3.3,1.3,2,2
93,0,10,2020-21,M'Gladbach,1.3,3.3,2,2
94,1,10,2020-21,Arminia,0.8,2.0,2,1
94,0,10,2020-21,Mainz 05,2.0,0.8,1,2
95,1,10,2020-21,Bayern Munich,1.2,1.5,3,3
95,0,10,2020-21,RB Leipzig,1.5,1.2,3,3
96,1,10,2020-21,Werder Bremen,0.8,2.3,1,2
96,0,10,2020-21,Stuttgart,2.3,0.8,2,1
97,1,10,2020-21,Schalke 04,1.3,2.5,0,3
97,0,10,2020-21,Leverkusen,2.5,1.3,3,0
98,1,10,2020-21,Hoffenheim,1.4,0.9,3,1
98,0,10,2020-21,Augsburg,0.9,1.4,1,3
100,1,11,2020-21,Wolfsburg,2.8,1.5,2,1
100,0,11,2020-21,Eint Frankfurt,1.5,2.8,1,2
101,1,11,2020-21,M'Gladbach,1.4,0.5,1,1
101,0,11,2020-21,Hertha BSC,0.5,1.4,1,1
102,1,11,2020-21,Dortmund,0.9,3.9,1,5
102,0,11,2020-21,Stuttgart,3.9,0.9,5,1
103,1,11,2020-21,Mainz 05,1.7,1.0,0,1
103,0,11,2020-21,Köln,1.0,1.7,1,0
104,1,11,2020-21,RB Leipzig,2.7,0.4,2,0
104,0,11,2020-21,Werder Bremen,0.4,2.7,0,2
105,1,11,2020-21,Freiburg,2.7,0.2,2,0
105,0,11,2020-21,Arminia,0.2,2.7,0,2
106,1,11,2020-21,Union Berlin,1.3,0.9,1,1
106,0,11,2020-21,Bayern Munich,0.9,1.3,1,1
107,1,11,2020-21,Augsburg,1.0,1.9,2,2
107,0,11,2020-21,Schalke 04,1.9,1.0,2,2
108,1,11,2020-21,Leverkusen,2.3,1.6,4,1
108,0,11,2020-21,Hoffenheim,1.6,2.3,1,4
110,1,12,2020-21,Eint Frankfurt,2.2,1.6,3,3
110,0,12,2020-21,M'Gladbach,1.6,2.2,3,3
111,1,12,2020-21,Stuttgart,1.7,0.8,2,2
111,0,12,2020-21,Union Berlin,0.8,1.7,2,2
112,1,12,2020-21,Werder Bremen,0.2,2.8,1,2
112,0,12,2020-21,Dortmund,2.8,0.2,2,1
113,1,12,2020-21,Hertha BSC,0.6,0.5,0,0
113,0,12,2020-21,Mainz 05,0.5,0.6,0,0
114,1,12,2020-21,Schalke 04,0.4,1.4,0,2
114,0,12,2020-21,Freiburg,1.4,0.4,2,0
115,1,12,2020-21,Arminia,0.8,0.6,0,1
115,0,12,2020-21,Augsburg,0.6,0.8,1,0
116,1,12,2020-21,Bayern Munich,2.0,1.1,2,1
116,0,12,2020-21,Wolfsburg,1.1,2.0,1,2
117,1,12,2020-21,Hoffenheim,0.8,0.3,0,1
117,0,12,2020-21,RB Leipzig,0.3,0.8,1,0
118,1,12,2020-21,Köln,0.6,1.4,0,4
118,0,12,2020-21,Leverkusen,1.4,0.6,4,0
120,1,13,2020-21,Union Berlin,1.1,1.7,2,1
120,0,13,2020-21,Dortmund,1.7,1.1,1,2
121,1,13,2020-21,Mainz 05,0.5,0.9,0,1
121,0,13,2020-21,Werder Bremen,0.9,0.5,1,0
122,1,13,2020-21,Schalke 04,0.6,0.7,0,1
122,0,13,2020-21,Arminia,0.7,0.6,1,0
123,1,13,2020-21,Augsburg,2.0,1.3,0,2
123,0,13,2020-21,Eint Frankfurt,1.3,2.0,2,0
124,1,13,2020-21,RB Leipzig,2.2,0.5,0,0
124,0,13,2020-21,Köln,0.5,2.2,0,0
125,1,13,2020-21,M'Gladbach,1.8,1.8,1,2
125,0,13,2020-21,Hoffenheim,1.8,1.8,2,1
126,1,13,2020-21,Leverkusen,0.3,1.3,1,2
126,0,13,2020-21,Bayern Munich,1.3,0.3,2,1
127,1,13,2020-21,Freiburg,2.8,1.8,4,1
127,0,13,2020-21,Hertha BSC,1.8,2.8,1,4
128,1,13,2020-21,Wolfsburg,1.8,1.7,1,0
128,0,13,2020-21,Stuttgart,1.7,1.8,0,1
130,1,14,2020-21,Köln,0.5,1.3,0,1
130,0,14,2020-21,Augsburg,1.3,0.5,1,0
131,1,14,2020-21,Eint Frankfurt,1.4,0.7,2,1
131,0,14,2020-21,Leverkusen,0.7,1.4,1,2
132,1,14,2020-21,Arminia,0.2,2.7,0,1
132,0,14,2020-21,M'Gladbach,2.7,0.2,1,0
133,1,14,2020-21,Hoffenheim,1.2,1.9,1,3
133,0,14,2020-21,Freiburg,1.9,1.2,3,1
134,1,14,2020-21,Werder Bremen,1.0,0.8,0,2
134,0,14,2020-21,Union Berlin,0.8,1.0,2,0
135,1,14,2020-21,Hertha BSC,2.3,0.9,3,0
135,0,14,2020-21,Schalke 04,0.9,2.3,0,3
136,1,14,2020-21,Stuttgart,1.1,3.2,0,1
136,0,14,2020-21,RB Leipzig,3.2,1.1,1,0
137,1,14,2020-21,Dortmund,1.8,1.6,2,0
137,0,14,2020-21,Wolfsburg,1.6,1.8,0,2
138,1,14,2020-21,Bayern Munich,3.5,1.5,5,2
138,0,14,2020-21,Mainz 05,1.5,3.5,2,5
140,1,15,2020-21,M'Gladbach,1.3,1.4,3,2
140,0,15,2020-21,Bayern Munich,1.4,1.3,2,3
141,1,15,2020-21,Freiburg,2.9,0.2,5,0
141,0,15,2020-21,Köln,0.2,2.9,0,5
142,1,15,2020-21,Union Berlin,1.4,1.8,2,2
142,0,15,2020-21,Wolfsburg,1.8,1.4,2,2
143,1,15,2020-21,Schalke 04,2.0,2.4,4,0
143,0,15,2020-21,Hoffenheim,2.4,2.0,0,4
144,1,15,2020-21,Leverkusen,0.8,0.4,1,1
144,0,15,2020-21,Werder Bremen,0.4,0.8,1,1
145,1,15,2020-21,Mainz 05,1.2,2.3,0,2
145,0,15,2020-21,Eint Frankfurt,2.3,1.2,2,0
146,1,15,2020-21,RB Leipzig,1.0,2.2,1,3
146,0,15,2020-21,Dortmund,2.2,1.0,3,1
147,1,15,2020-21,Augsburg,1.0,4.0,1,4
147,0,15,2020-21,Stuttgart,4.0,1.0,4,1
148,1,15,2020-21,Arminia,0.8,0.8,1,0
148,0,15,2020-21,Hertha BSC,0.8,0.8,0,1
150,1,16,2020-21,Union Berlin,1.3,1.2,1,0
150,0,16,2020-21,Leverkusen,1.2,1.3,0,1
151,1,16,2020-21,Werder Bremen,1.2,0.5,2,0
151,0,16,2020-21,Augsburg,0.5,1.2,0,2
152,1,16,2020-21,Wolfsburg,1.2,2.1,2,2
152,0,16,2020-21,RB Leipzig,2.1,1.2,2,2
153,1,16,2020-21,Hoffenheim,0.7,0.8,0,0
153,0,16,2020-21,Arminia,0.8,0.7,0,0
154,1,16,2020-21,Dortmund,2.4,0.8,1,1
154,0,16,2020-21,Mainz 05,0.8,2.4,1,1
155,1,16,2020-21,Köln,0.4,0.9,0,0
155,0,16,2020-21,Hertha BSC,0.9,0.4,0,0
156,1,16,2020-21,Stuttgart,2.0,1.5,2,2
156,0,16,2020-21,M'Gladbach,1.5,2.0,2,2
157,1,16,2020-21,Bayern Munich,2.7,1.0,2,1
157,0,16,2020-21,Freiburg,1.0,2.7,1,2
158,1,16,2020-21,Eint Frankfurt,1.7,0.2,3,1
158,0,16,2020-21,Schalke 04,0.2,1.7,1,3
160,1,17,2020-21,M'Gladbach,0.8,1.1,1,0
160,0,17,2020-21,Werder Bremen,1.1,0.8,0,1
161,1,17,2020-21,Leverkusen,1.8,2.1,2,1
161,0,17,2020-21,Dortmund,2.1,1.8,1,2
162,1,17,2020-21,Mainz 05,0.4,1.1,0,2
162,0,17,2020-21,Wolfsburg,1.1,0.4,2,0
163,1,17,2020-21,Hertha BSC,1.4,1.3,0,3
163,0,17,2020-21,Hoffenheim,1.3,1.4,3,0
164,1,17,2020-21,Schalke 04,1.4,1.6,1,2
164,0,17,2020-21,Köln,1.6,1.4,2,1
165,1,17,2020-21,Augsburg,1.2,2.0,0,1
165,0,17,2020-21,Bayern Munich,2.0,1.2,1,0
166,1,17,2020-21,Arminia,2.2,0.9,3,0
166,0,17,2020-21,Stuttgart,0.9,2.2,0,3
167,1,17,2020-21,RB Leipzig,1.4,0.3,1,0
167,0,17,2020-21,Union Berlin,0.3,1.4,0,1
168,1,17,2020-21,Freiburg,0.7,1.4,2,2
168,0,17,2020-21,Eint Frankfurt,1.4,0.7,2,2
170,1,18,2020-21,M'Gladbach,1.8,1.2,4,2
170,0,18,2020-21,Dortmund,1.2,1.8,2,4
171,1,18,2020-21,Freiburg,1.2,2.5,2,1
171,0,18,2020-21,Stuttgart,2.5,1.2,1,2
172,1,18,2020-21,Mainz 05,1.6,1.4,3,2
172,0,18,2020-21,RB Leipzig,1.4,1.6,2,3
173,1,18,2020-21,Augsburg,1.0,1.5,2,1
173,0,18,2020-21,Union Berlin,1.5,1.0,1,2
174,1,18,2020-21,Arminia,0.6,2.4,1,5
174,0,18,2020-21,Eint Frankfurt,2.4,0.6,5,1
175,1,18,2020-21,Leverkusen,1.0,1.1,0,1
175,0,18,2020-21,Wolfsburg,1.1,1.0,1,0
176,1,18,2020-21,Hertha BSC,1.9,1.5,1,4
176,0,18,2020-21,Werder Bremen,1.5,1.9,4,1
177,1,18,2020-21,Schalke 04,0.7,3.1,0,4
177,0,18,2020-21,Bayern Munich,3.1,0.7,4,0
178,1,18,2020-21,Hoffenheim,2.2,2.0,3,0
178,0,18,2020-21,Köln,2.0,2.2,0,3
180,1,19,2020-21,Stuttgart,1.0,0.5,2,0
180,0,19,2020-21,Mainz 05,0.5,1.0,0,2
181,1,19,2020-21,Dortmund,1.9,0.5,3,1
181,0,19,2020-21,Augsburg,0.5,1.9,1,3
182,1,19,2020-21,Bayern Munich,2.0,2.1,4,1
182,0,19,2020-21,Hoffenheim,2.1,2.0,1,4
183,1,19,2020-21,Union Berlin,0.5,0.9,1,1
183,0,19,2020-21,M'Gladbach,0.9,0.5,1,1
184,1,19,2020-21,Werder Bremen,0.7,0.3,1,1
184,0,19,2020-21,Schalke 04,0.3,0.7,1,1
185,1,19,2020-21,Eint Frankfurt,2.3,0.5,3,1
185,0,19,2020-21,Hertha BSC,0.5,2.3,1,3
186,1,19,2020-21,RB Leipzig,1.7,0.5,1,0
186,0,19,2020-21,Leverkusen,0.5,1.7,0,1
187,1,19,2020-21,Köln,1.7,1.5,3,1
187,0,19,2020-21,Arminia,1.5,1.7,1,3
188,1,19,2020-21,Wolfsburg,2.3,0.7,3,0
188,0,19,2020-21,Freiburg,0.7,2.3,0,3
190,1,20,2020-21,Hertha BSC,1.4,2.4,0,1
190,0,20,2020-21,Bayern Munich,2.4,1.4,1,0
191,1,20,2020-21,Augsburg,0.6,2.3,0,2
191,0,20,2020-21,Wolfsburg,2.3,0.6,2,0
192,1,20,2020-21,Freiburg,0.2,1.5,2,1
192,0,20,2020-21,Dortmund,1.5,0.2,1,2
193,1,20,2020-21,Leverkusen,3.9,1.5,5,2
193,0,20,2020-21,Stuttgart,1.5,3.9,2,5
194,1,20,2020-21,Schalke 04,0.2,2.1,0,3
194,0,20,2020-21,RB Leipzig,2.1,0.2,3,0
195,1,20,2020-21,Mainz 05,1.9,0.8,1,0
195,0,20,2020-21,Union Berlin,0.8,1.9,0,1
196,1,20,2020-21,M'Gladbach,0.8,0.5,1,2
196,0,20,2020-21,Köln,0.5,0.8,2,1
197,1,20,2020-21,Hoffenheim,0.9,1.0,1,3
197,0,20,2020-21,Eint Frankfurt,1.0,0.9,3,1
199,1,21,2020-21,RB Leipzig,2.9,0.9,2,1
199,0,21,2020-21,Augsburg,0.9,2.9,1,2
200,1,21,2020-21,Stuttgart,1.3,1.4,1,1
200,0,21,2020-21,Hertha BSC,1.4,1.3,1,1
201,1,21,2020-21,Leverkusen,1.3,2.5,2,2
201,0,21,2020-21,Mainz 05,2.5,1.3,2,2
202,1,21,2020-21,Werder Bremen,0.7,0.8,0,0
202,0,21,2020-21,Freiburg,0.8,0.7,0,0
203,1,21,2020-21,Dortmund,1.7,2.6,2,2
203,0,21,2020-21,Hoffenheim,2.6,1.7,2,2
204,1,21,2020-21,Union Berlin,2.3,0.4,0,0
204,0,21,2020-21,Schalke 04,0.4,2.3,0,0
205,1,21,2020-21,Eint Frankfurt,2.0,0.4,2,0
205,0,21,2020-21,Köln,0.4,2.0,0,2
206,1,21,2020-21,Wolfsburg,0.8,0.6,0,0
206,0,21,2020-21,M'Gladbach,0.6,0.8,0,0
207,1,21,2020-21,Bayern Munich,2.1,1.2,3,3
207,0,21,2020-21,Arminia,1.2,2.1,3,3
209,1,22,2020-21,Arminia,0.6,1.1,0,3
209,0,22,2020-21,Wolfsburg,1.1,0.6,3,0
210,1,22,2020-21,Eint Frankfurt,1.1,2.0,2,1
210,0,22,2020-21,Bayern Munich,2.0,1.1,1,2
211,1,22,2020-21,Köln,0.7,0.5,0,1
211,0,22,2020-21,Stuttgart,0.5,0.7,1,0
212,1,22,2020-21,Freiburg,0.4,1.2,0,1
212,0,22,2020-21,Union Berlin,1.2,0.4,1,0
213,1,22,2020-21,M'Gladbach,0.8,0.7,1,2
213,0,22,2020-21,Mainz 05,0.7,0.8,2,1
214,1,22,2020-21,Schalke 04,0.8,1.7,0,4
214,0,22,2020-21,Dortmund,1.7,0.8,4,0
215,1,22,2020-21,Augsburg,1.5,0.5,1,1
215,0,22,2020-21,Leverkusen,0.5,1.5,1,1
216,1,22,2020-21,Hertha BSC,0.6,1.0,0,3
216,0,22,2020-21,RB Leipzig,1.0,0.6,3,0
217,1,22,2020-21,Hoffenheim,1.7,0.1,4,0
217,0,22,2020-21,Werder Bremen,0.1,1.7,0,4
219,1,23,2020-21,Werder Bremen,1.0,0.9,2,1
219,0,23,2020-21,Eint Frankfurt,0.9,1.0,1,2
220,1,23,2020-21,Bayern Munich,2.1,1.0,5,1
220,0,23,2020-21,Köln,1.0,2.1,1,5
221,1,23,2020-21,Stuttgart,2.5,1.5,5,1
221,0,23,2020-21,Schalke 04,1.5,2.5,1,5
222,1,23,2020-21,Dortmund,3.6,0.6,3,0
222,0,23,2020-21,Arminia,0.6,3.6,0,3
223,1,23,2020-21,Wolfsburg,0.5,1.2,2,0
223,0,23,2020-21,Hertha BSC,1.2,0.5,0,2
224,1,23,2020-21,RB Leipzig,1.8,1.3,3,2
224,0,23,2020-21,M'Gladbach,1.3,1.8,2,3
225,1,23,2020-21,Union Berlin,1.0,1.3,1,1
225,0,23,2020-21,Hoffenheim,1.3,1.0,1,1
226,1,23,2020-21,Mainz 05,0.6,1.6,0,1
226,0,23,2020-21,Augsburg,1.6,0.6,1,0
227,1,23,2020-21,Leverkusen,1.6,1.4,1,2
227,0,23,2020-21,Freiburg,1.4,1.6,2,1
229,1,24,2020-21,Schalke 04,0.2,1.1,0,0
229,0,24,2020-21,Mainz 05,1.1,0.2,0,0
230,1,24,2020-21,Hertha BSC,2.3,0.4,2,1
230,0,24,2020-21,Augsburg,0.4,2.3,1,2
231,1,24,2020-21,Hoffenheim,1.1,1.9,2,1
231,0,24,2020-21,Wolfsburg,1.9,1.1,1,2
232,1,24,2020-21,Freiburg,0.1,1.8,0,3
232,0,24,2020-21,RB Leipzig,1.8,0.1,3,0
233,1,24,2020-21,M'Gladbach,0.6,1.5,0,1
233,0,24,2020-21,Leverkusen,1.5,0.6,1,0
234,1,24,2020-21,Eint Frankfurt,1.6,0.5,1,1
234,0,24,2020-21,Stuttgart,0.5,1.6,1,1
235,1,24,2020-21,Bayern Munich,2.9,0.6,4,2
235,0,24,2020-21,Dortmund,0.6,2.9,2,4
236,1,24,2020-21,Köln,1.6,1.3,1,1
236,0,24,2020-21,Werder Bremen,1.3,1.6,1,1
237,1,24,2020-21,Arminia,0.5,0.8,0,0
237,0,24,2020-21,Union Berlin,0.8,0.5,0,0
239,1,20,2020-21,Arminia,2.6,1.5,0,2
239,0,20,2020-21,Werder Bremen,1.5,2.6,2,0
241,1,25,2020-21,Augsburg,1.6,3.0,3,1
241,0,25,2020-21,M'Gladbach,3.0,1.6,1,3
242,1,25,2020-21,Mainz 05,1.7,0.9,1,0
242,0,25,2020-21,Freiburg,0.9,1.7,0,1
243,1,25,2020-21,Wolfsburg,1.7,0.2,5,0
243,0,25,2020-21,Schalke 04,0.2,1.7,0,5
244,1,25,2020-21,Union Berlin,2.3,1.3,2,1
244,0,25,2020-21,Köln,1.3,2.3,1,2
245,1,25,2020-21,Werder Bremen,1.2,3.0,1,3
245,0,25,2020-21,Bayern Munich,3.0,1.2,3,1
246,1,25,2020-21,Dortmund,1.4,0.4,2,0
246,0,25,2020-21,Hertha BSC,0.4,1.4,0,2
247,1,25,2020-21,Leverkusen,2.5,1.5,1,2
247,0,25,2020-21,Arminia,1.5,2.5,2,1
248,1,25,2020-21,RB Leipzig,1.8,1.0,1,1
248,0,25,2020-21,Eint Frankfurt,1.0,1.8,1,1
249,1,25,2020-21,Stuttgart,0.8,1.1,2,0
249,0,25,2020-21,Hoffenheim,1.1,0.8,0,2
251,1,26,2020-21,Arminia,0.3,2.8,0,1
251,0,26,2020-21,RB Leipzig,2.8,0.3,1,0
252,1,26,2020-21,Köln,1.4,1.8,2,2
252,0,26,2020-21,Dortmund,1.8,1.4,2,2
253,1,26,2020-21,Werder Bremen,0.7,1.6,1,2
253,0,26,2020-21,Wolfsburg,1.6,0.7,2,1
254,1,26,2020-21,Bayern Munich,2.2,0.8,4,0
254,0,26,2020-21,Stuttgart,0.8,2.2,0,4
255,1,26,2020-21,Eint Frankfurt,2.4,2.8,5,2
255,0,26,2020-21,Union Berlin,2.8,2.4,2,5
256,1,26,2020-21,Schalke 04,0.2,2.4,0,3
256,0,26,2020-21,M'Gladbach,2.4,0.2,3,0
257,1,26,2020-21,Hoffenheim,1.3,3.5,1,2
257,0,26,2020-21,Mainz 05,3.5,1.3,2,1
258,1,26,2020-21,Hertha BSC,1.9,1.9,3,0
258,0,26,2020-21,Leverkusen,1.9,1.9,0,3
259,1,26,2020-21,Freiburg,1.4,1.0,2,0
259,0,26,2020-21,Augsburg,1.0,1.4,0,2
261,1,27,2020-21,Augsburg,0.6,1.0,2,1
261,0,27,2020-21,Hoffenheim,1.0,0.6,1,2
262,1,27,2020-21,Mainz 05,1.8,0.5,1,1
262,0,27,2020-21,Arminia,0.5,1.8,1,1
263,1,27,2020-21,Dortmund,1.7,1.4,1,2
263,0,27,2020-21,Eint Frankfurt,1.4,1.7,2,1
264,1,27,2020-21,Leverkusen,0.7,0.6,2,1
264,0,27,2020-21,Schalke 04,0.6,0.7,1,2
265,1,27,2020-21,Wolfsburg,0.8,1.2,1,0
265,0,27,2020-21,Köln,1.2,0.8,0,1
266,1,27,2020-21,RB Leipzig,0.7,0.6,0,1
266,0,27,2020-21,Bayern Munich,0.6,0.7,1,0
267,1,27,2020-21,M'Gladbach,1.9,1.7,2,1
267,0,27,2020-21,Freiburg,1.7,1.9,1,2
268,1,27,2020-21,Stuttgart,0.8,0.6,1,0
268,0,27,2020-21,Werder Bremen,0.6,0.8,0,1
269,1,27,2020-21,Union Berlin,0.5,0.9,1,1
269,0,27,2020-21,Hertha BSC,0.9,0.5,1,1
271,1,28,2020-21,Arminia,1.4,0.6,1,0
271,0,28,2020-21,Freiburg,0.6,1.4,0,1
272,1,28,2020-21,Bayern Munich,1.0,1.1,1,1
272,0,28,2020-21,Union Berlin,1.1,1.0,1,1
273,1,28,2020-21,Hertha BSC,1.6,1.3,2,2
273,0,28,2020-21,M'Gladbach,1.3,1.6,2,2
274,1,28,2020-21,Eint Frankfurt,1.6,1.8,4,3
274,0,28,2020-21,Wolfsburg,1.8,1.6,3,4
275,1,28,2020-21,Werder Bremen,1.4,1.6,1,4
275,0,28,2020-21,RB Leipzig,1.6,1.4,4,1
276,1,28,2020-21,Stuttgart,1.4,1.3,2,3
276,0,28,2020-21,Dortmund,1.3,1.4,3,2
277,1,28,2020-21,Schalke 04,0.7,0.9,1,0
277,0,28,2020-21,Augsburg,0.9,0.7,0,1
278,1,28,2020-21,Köln,2.5,1.7,2,3
278,0,28,2020-21,Mainz 05,1.7,2.5,3,2
279,1,28,2020-21,Hoffenheim,0.1,0.6,0,0
279,0,28,2020-21,Leverkusen,0.6,0.1,0,0
281,1,29,2020-21,RB Leipzig,1.3,0.2,0,0
281,0,29,2020-21,Hoffenheim,0.2,1.3,0,0
282,1,29,2020-21,Freiburg,2.0,0.7,4,0
282,0,29,2020-21,Schalke 04,0.7,2.0,0,4
283,1,29,2020-21,Union Berlin,1.4,0.7,2,1
283,0,29,2020-21,Stuttgart,0.7,1.4,1,2
284,1,29,2020-21,Augsburg,0.6,0.7,0,0
284,0,29,2020-21,Arminia,0.7,0.6,0,0
285,1,29,2020-21,M'Gladbach,2.1,0.9,4,0
285,0,29,2020-21,Eint Frankfurt,0.9,2.1,0,4
286,1,29,2020-21,Wolfsburg,1.2,2.1,2,3
286,0,29,2020-21,Bayern Munich,2.1,1.2,3,2
287,1,29,2020-21,Leverkusen,1.8,1.2,3,0
287,0,29,2020-21,Köln,1.2,1.8,0,3
288,1,29,2020-21,Dortmund,2.9,0.9,4,1
288,0,29,2020-21,Werder Bremen,0.9,2.9,1,4
290,1,30,2020-21,Köln,0.7,2.5,2,1
290,0,30,2020-21,RB Leipzig,2.5,0.7,1,2
291,1,30,2020-21,Arminia,1.9,0.3,1,0
291,0,30,2020-21,Schalke 04,0.3,1.9,0,1
292,1,30,2020-21,Bayern Munich,1.7,0.4,2,0
292,0,30,2020-21,Leverkusen,0.4,1.7,0,2
293,1,30,2020-21,Eint Frankfurt,1.1,1.6,2,0
293,0,30,2020-21,Augsburg,1.6,1.1,0,2
294,1,30,2020-21,Stuttgart,2.0,1.5,1,3
294,0,30,2020-21,Wolfsburg,1.5,2.0,3,1
295,1,30,2020-21,Dortmund,4.3,0.3,2,0
295,0,30,2020-21,Union Berlin,0.3,4.3,0,2
296,1,30,2020-21,Werder Bremen,1.1,1.5,0,1
296,0,30,2020-21,Mainz 05,1.5,1.1,1,0
297,1,30,2020-21,Hoffenheim,2.1,0.9,3,2
297,0,30,2020-21,M'Gladbach,0.9,2.1,2,3
299,1,31,2020-21,Augsburg,1.6,1.3,2,3
299,0,31,2020-21,Köln,1.3,1.6,3,2
300,1,31,2020-21,Mainz 05,0.5,1.7,2,1
300,0,31,2020-21,Bayern Munich,1.7,0.5,1,2
301,1,31,2020-21,Wolfsburg,1.2,1.3,0,2
301,0,31,2020-21,Dortmund,1.3,1.2,2,0
302,1,31,2020-21,Freiburg,1.8,1.6,1,1
302,0,31,2020-21,Hoffenheim,1.6,1.8,1,1
303,1,31,2020-21,Union Berlin,1.9,0.7,3,1
303,0,31,2020-21,Werder Bremen,0.7,1.9,1,3
304,1,31,2020-21,Leverkusen,2.2,2.4,3,1
304,0,31,2020-21,Eint Frankfurt,2.4,2.2,1,3
305,1,31,2020-21,RB Leipzig,4.2,0.2,2,0
305,0,31,2020-21,Stuttgart,0.2,4.2,0,2
306,1,31,2020-21,M'Gladbach,3.7,0.7,5,0
306,0,31,2020-21,Arminia,0.7,3.7,0,5
308,1,29,2020-21,Mainz 05,1.9,1.5,1,1
308,0,29,2020-21,Hertha BSC,1.5,1.9,1,1
310,1,30,2020-21,Hertha BSC,1.5,1.0,3,0
310,0,30,2020-21,Freiburg,1.0,1.5,0,3
312,1,32,2020-21,Stuttgart,1.3,2.1,2,1
312,0,32,2020-21,Augsburg,2.1,1.3,1,2
313,1,32,2020-21,Dortmund,2.2,1.9,3,2
313,0,32,2020-21,RB Leipzig,1.9,2.2,2,3
314,1,32,2020-21,Hoffenheim,1.4,0.9,4,2
314,0,32,2020-21,Schalke 04,0.9,1.4,2,4
315,1,32,2020-21,Werder Bremen,0.6,1.3,0,0
315,0,32,2020-21,Leverkusen,1.3,0.6,0,0
316,1,32,2020-21,Wolfsburg,1.8,0.5,3,0
316,0,32,2020-21,Union Berlin,0.5,1.8,0,3
317,1,32,2020-21,Bayern Munich,3.3,1.2,6,0
317,0,32,2020-21,M'Gladbach,1.2,3.3,0,6
318,1,32,2020-21,Köln,1.8,2.6,1,4
318,0,32,2020-21,Freiburg,2.6,1.8,4,1
319,1,32,2020-21,Eint Frankfurt,0.9,0.4,1,1
319,0,32,2020-21,Mainz 05,0.4,0.9,1,1
320,1,32,2020-21,Hertha BSC,0.8,0.5,0,0
320,0,32,2020-21,Arminia,0.5,0.8,0,0
322,1,31,2020-21,Schalke 04,1.3,1.9,1,2
322,0,31,2020-21,Hertha BSC,1.9,1.3,2,1
324,1,33,2020-21,Hertha BSC,0.2,1.4,0,0
324,0,33,2020-21,Köln,1.4,0.2,0,0
325,1,33,2020-21,Schalke 04,2.8,2.6,4,3
325,0,33,2020-21,Eint Frankfurt,2.6,2.8,3,4
326,1,33,2020-21,Arminia,1.8,1.4,1,1
326,0,33,2020-21,Hoffenheim,1.4,1.8,1,1
327,1,33,2020-21,Augsburg,1.6,1.2,2,0
327,0,33,2020-21,Werder Bremen,1.2,1.6,0,2
328,1,33,2020-21,Leverkusen,1.3,1.5,1,1
328,0,33,2020-21,Union Berlin,1.5,1.3,1,1
329,1,33,2020-21,M'Gladbach,0.6,0.7,1,2
329,0,33,2020-21,Stuttgart,0.7,0.6,2,1
330,1,33,2020-21,Freiburg,1.4,3.4,2,2
330,0,33,2020-21,Bayern Munich,3.4,1.4,2,2
331,1,33,2020-21,Mainz 05,1.3,1.9,1,3
331,0,33,2020-21,Dortmund,1.9,1.3,3,1
332,1,33,2020-21,RB Leipzig,2.0,1.0,2,2
332,0,33,2020-21,Wolfsburg,1.0,2.0,2,2
334,1,34,2020-21,Dortmund,1.3,1.8,3,1
334,0,34,2020-21,Leverkusen,1.8,1.3,1,3
335,1,34,2020-21,Bayern Munich,4.1,1.5,5,2
335,0,34,2020-21,Augsburg,1.5,4.1,2,5
336,1,34,2020-21,Stuttgart,0.9,1.6,0,2
336,0,34,2020-21,Arminia,1.6,0.9,2,0
337,1,34,2020-21,Werder Bremen,2.1,2.0,2,4
337,0,34,2020-21,M'Gladbach,2.0,2.1,4,2
338,1,34,2020-21,Hoffenheim,2.6,1.5,2,1
338,0,34,2020-21,Hertha BSC,1.5,2.6,1,2
339,1,34,2020-21,Eint Frankfurt,1.9,0.9,3,1
339,0,34,2020-21,Freiburg,0.9,1.9,1,3
340,1,34,2020-21,Wolfsburg,1.4,2.6,2,3
340,0,34,2020-21,Mainz 05,2.6,1.4,3,2
341,1,34,2020-21,Union Berlin,0.9,2.6,2,1
341,0,34,2020-21,RB Leipzig,2.6,0.9,1,2
342,1,34,2020-21,Köln,2.2,0.5,1,0
342,0,34,2020-21,Schalke 04,0.5,2.2,0,1
